OrderID,CustomerID,ProductCategory,City,Quantity,UnitPrice,PaymentMethod,OrderStatus,OrderDate,TotalAmount
1,4174,Beauty,Delhi,2,4108,COD,Delivered,2022-01-01 00:00:00,8216
2,4507,Books,Delhi,3,3298,Card,Delivered,2022-01-01 01:00:00,9894
3,1860,Books,Delhi,1,4890,UPI,Delivered,2022-01-01 02:00:00,4890
4,2294,Electronics,Pune,4,2624,NetBanking,Cancelled,2022-01-01 03:00:00,10496
5,2130,Sports,Mumbai,3,1185,Card,Delivered,2022-01-01 04:00:00,3555
6,2095,Electronics,Kolkata,2,2579,COD,Delivered,2022-01-01 05:00:00,5158
7,4772,Clothing,Chennai,4,1793,UPI,Delivered,2022-01-01 06:00:00,7172
8,4092,Electronics,Bangalore,1,2415,NetBanking,Delivered,2022-01-01 07:00:00,2415
9,2638,Beauty,Hyderabad,3,878,NetBanking,Delivered,2022-01-01 08:00:00,2634
10,3169,Books,Bangalore,3,4689,Card,Delivered,2022-01-01 09:00:00,14067
11,1466,Clothing,Hyderabad,3,1685,NetBanking,Delivered,2022-01-01 10:00:00,5055
12,2238,Electronics,Pune,4,1592,Card,Cancelled,2022-01-01 11:00:00,6368
13,1330,Sports,Mumbai,2,760,Card,Delivered,2022-01-01 12:00:00,1520
14,2482,Beauty,Delhi,2,1448,UPI,Delivered,2022-01-01 13:00:00,2896
15,3135,Beauty,Mumbai,3,1399,UPI,Cancelled,2022-01-01 14:00:00,4197
16,4444,Electronics,Pune,1,4040,COD,Returned,2022-01-01 15:00:00,4040
17,4171,Books,Kolkata,1,2086,UPI,Cancelled,2022-01-01 16:00:00,2086
18,3919,Electronics,Kolkata,2,2144,UPI,Delivered,2022-01-01 17:00:00,4288
19,4735,Clothing,Pune,1,3616,Card,Delivered,2022-01-01 18:00:00,3616
20,1130,Electronics,Hyderabad,2,1158,UPI,Delivered,2022-01-01 19:00:00,2316
21,2685,Beauty,Chennai,3,1076,Card,Delivered,2022-01-01 20:00:00,3228
22,4380,Electronics,Chennai,2,4677,Card,Delivered,2022-01-01 21:00:00,9354
23,1769,Books,Hyderabad,2,827,UPI,Delivered,2022-01-01 22:00:00,1654
24,3391,Sports,Kolkata,3,2627,COD,Cancelled,2022-01-01 23:00:00,7881
25,2515,Home,Kolkata,1,3236,COD,Delivered,2022-01-02 00:00:00,3236
26,4485,Electronics,Kolkata,2,442,NetBanking,Cancelled,2022-01-02 01:00:00,884
27,3853,Books,Mumbai,2,1547,NetBanking,Delivered,2022-01-02 02:00:00,3094
28,3433,Books,Kolkata,3,2479,UPI,Delivered,2022-01-02 03:00:00,7437
29,2215,Sports,Bangalore,1,3759,COD,Delivered,2022-01-02 04:00:00,3759
30,1955,Beauty,Delhi,2,626,Card,Delivered,2022-01-02 05:00:00,1252
31,3324,Books,Kolkata,3,1996,NetBanking,Delivered,2022-01-02 06:00:00,5988
32,2184,Books,Hyderabad,2,4854,Card,Delivered,2022-01-02 07:00:00,9708
33,1459,Books,Delhi,4,2173,NetBanking,Returned,2022-01-02 08:00:00,8692
34,4385,Books,Mumbai,3,505,UPI,Delivered,2022-01-02 09:00:00,1515
35,1021,Clothing,Hyderabad,1,1673,COD,Delivered,2022-01-02 10:00:00,1673
36,3300,Clothing,Delhi,1,4700,NetBanking,Delivered,2022-01-02 11:00:00,4700
37,1747,Beauty,Hyderabad,1,3840,COD,Delivered,2022-01-02 12:00:00,3840
38,3904,Electronics,Mumbai,1,4374,Card,Delivered,2022-01-02 13:00:00,4374
39,4632,Books,Bangalore,2,4327,UPI,Delivered,2022-01-02 14:00:00,8654
40,1474,Sports,Mumbai,2,1946,COD,Delivered,2022-01-02 15:00:00,3892
41,2082,Electronics,Mumbai,1,1578,UPI,Delivered,2022-01-02 16:00:00,1578
42,3558,Sports,Hyderabad,1,2495,COD,Delivered,2022-01-02 17:00:00,2495
43,4753,Electronics,Pune,1,871,Card,Delivered,2022-01-02 18:00:00,871
44,3047,Beauty,Chennai,2,678,Card,Delivered,2022-01-02 19:00:00,1356
45,4547,Books,Kolkata,1,3001,UPI,Delivered,2022-01-02 20:00:00,3001
46,3747,Books,Kolkata,1,293,Card,Delivered,2022-01-02 21:00:00,293
47,1975,Home,Bangalore,4,2107,NetBanking,Delivered,2022-01-02 22:00:00,8428
48,2806,Sports,Bangalore,4,1285,COD,Delivered,2022-01-02 23:00:00,5140
49,1189,Electronics,Kolkata,1,2494,Card,Cancelled,2022-01-03 00:00:00,2494
50,4005,Electronics,Chennai,3,3098,NetBanking,Delivered,2022-01-03 01:00:00,9294
51,3734,Clothing,Kolkata,1,1892,UPI,Returned,2022-01-03 02:00:00,1892
52,4005,Home,Pune,4,1210,NetBanking,Returned,2022-01-03 03:00:00,4840
53,1562,Clothing,Chennai,3,4105,UPI,Delivered,2022-01-03 04:00:00,12315
54,2899,Clothing,Bangalore,3,2361,UPI,Delivered,2022-01-03 05:00:00,7083
55,4638,Clothing,Delhi,1,3836,COD,Delivered,2022-01-03 06:00:00,3836
56,2267,Sports,Hyderabad,4,3893,COD,Delivered,2022-01-03 07:00:00,15572
57,3879,Sports,Pune,4,2036,NetBanking,Delivered,2022-01-03 08:00:00,8144
58,2528,Beauty,Pune,3,4975,COD,Delivered,2022-01-03 09:00:00,14925
59,4202,Beauty,Bangalore,1,4457,COD,Delivered,2022-01-03 10:00:00,4457
60,4556,Clothing,Bangalore,2,829,COD,Cancelled,2022-01-03 11:00:00,1658
61,4890,Home,Mumbai,2,4478,NetBanking,Delivered,2022-01-03 12:00:00,8956
62,1646,Electronics,Pune,4,3551,Card,Delivered,2022-01-03 13:00:00,14204
63,3068,Sports,Mumbai,2,4557,COD,Delivered,2022-01-03 14:00:00,9114
64,3888,Home,Mumbai,4,4636,COD,Delivered,2022-01-03 15:00:00,18544
65,3214,Books,Hyderabad,4,2240,NetBanking,Delivered,2022-01-03 16:00:00,8960
66,2297,Sports,Mumbai,4,1744,Card,Cancelled,2022-01-03 17:00:00,6976
67,3435,Sports,Chennai,2,2900,COD,Delivered,2022-01-03 18:00:00,5800
68,1600,Beauty,Kolkata,4,241,UPI,Delivered,2022-01-03 19:00:00,964
69,3363,Electronics,Delhi,3,1555,NetBanking,Delivered,2022-01-03 20:00:00,4665
70,3061,Electronics,Bangalore,1,4896,COD,Cancelled,2022-01-03 21:00:00,4896
71,1241,Books,Chennai,1,2196,COD,Delivered,2022-01-03 22:00:00,2196
72,3041,Books,Delhi,4,1425,UPI,Delivered,2022-01-03 23:00:00,5700
73,3824,Sports,Pune,1,1313,UPI,Delivered,2022-01-04 00:00:00,1313
74,4417,Clothing,Pune,2,1259,NetBanking,Delivered,2022-01-04 01:00:00,2518
75,3612,Beauty,Pune,2,4750,NetBanking,Delivered,2022-01-04 02:00:00,9500
76,3945,Beauty,Chennai,1,4599,UPI,Delivered,2022-01-04 03:00:00,4599
77,2363,Sports,Chennai,2,4797,NetBanking,Delivered,2022-01-04 04:00:00,9594
78,3139,Home,Bangalore,1,440,UPI,Delivered,2022-01-04 05:00:00,440
79,2390,Clothing,Kolkata,1,3928,COD,Returned,2022-01-04 06:00:00,3928
80,4003,Sports,Mumbai,1,2068,UPI,Delivered,2022-01-04 07:00:00,2068
81,2478,Clothing,Pune,4,803,UPI,Delivered,2022-01-04 08:00:00,3212
82,4499,Clothing,Hyderabad,1,4513,Card,Delivered,2022-01-04 09:00:00,4513
83,3556,Clothing,Kolkata,4,2529,UPI,Delivered,2022-01-04 10:00:00,10116
84,1775,Sports,Hyderabad,1,1900,UPI,Returned,2022-01-04 11:00:00,1900
85,1034,Beauty,Bangalore,1,4748,Card,Delivered,2022-01-04 12:00:00,4748
86,3253,Beauty,Bangalore,1,955,NetBanking,Delivered,2022-01-04 13:00:00,955
87,4152,Clothing,Bangalore,2,1912,Card,Delivered,2022-01-04 14:00:00,3824
88,2955,Home,Delhi,4,2966,COD,Delivered,2022-01-04 15:00:00,11864
89,2585,Electronics,Hyderabad,4,3742,Card,Delivered,2022-01-04 16:00:00,14968
90,4943,Sports,Kolkata,1,282,COD,Delivered,2022-01-04 17:00:00,282
91,4459,Electronics,Kolkata,1,3212,NetBanking,Delivered,2022-01-04 18:00:00,3212
92,4073,Home,Chennai,2,4592,Card,Returned,2022-01-04 19:00:00,9184
93,2021,Sports,Chennai,2,1617,Card,Delivered,2022-01-04 20:00:00,3234
94,4461,Clothing,Pune,2,1456,NetBanking,Delivered,2022-01-04 21:00:00,2912
95,3613,Beauty,Chennai,4,2274,COD,Cancelled,2022-01-04 22:00:00,9096
96,2129,Electronics,Bangalore,4,3729,Card,Delivered,2022-01-04 23:00:00,14916
97,4843,Books,Kolkata,4,3728,COD,Delivered,2022-01-05 00:00:00,14912
98,4893,Books,Hyderabad,1,4196,Card,Delivered,2022-01-05 01:00:00,4196
99,2500,Home,Bangalore,4,3339,UPI,Delivered,2022-01-05 02:00:00,13356
100,1702,Clothing,Delhi,3,3791,Card,Delivered,2022-01-05 03:00:00,11373
101,3449,Electronics,Chennai,3,118,NetBanking,Delivered,2022-01-05 04:00:00,354
102,3777,Clothing,Bangalore,2,3503,NetBanking,Returned,2022-01-05 05:00:00,7006
103,2579,Electronics,Bangalore,4,4779,COD,Delivered,2022-01-05 06:00:00,19116
104,1161,Home,Delhi,3,4651,Card,Delivered,2022-01-05 07:00:00,13953
105,1201,Home,Mumbai,2,3104,COD,Delivered,2022-01-05 08:00:00,6208
106,2981,Books,Kolkata,4,1232,COD,Delivered,2022-01-05 09:00:00,4928
107,1995,Clothing,Hyderabad,1,3439,UPI,Delivered,2022-01-05 10:00:00,3439
108,3317,Sports,Pune,3,3411,UPI,Delivered,2022-01-05 11:00:00,10233
109,4934,Books,Mumbai,1,3472,NetBanking,Cancelled,2022-01-05 12:00:00,3472
110,1815,Clothing,Chennai,4,1087,COD,Delivered,2022-01-05 13:00:00,4348
111,4342,Books,Bangalore,3,3421,NetBanking,Delivered,2022-01-05 14:00:00,10263
112,1455,Sports,Delhi,4,4715,Card,Delivered,2022-01-05 15:00:00,18860
113,4533,Beauty,Delhi,1,273,COD,Delivered,2022-01-05 16:00:00,273
114,4798,Beauty,Kolkata,3,3841,COD,Delivered,2022-01-05 17:00:00,11523
115,2275,Beauty,Mumbai,1,3152,Card,Delivered,2022-01-05 18:00:00,3152
116,2016,Beauty,Pune,4,826,Card,Delivered,2022-01-05 19:00:00,3304
117,4773,Electronics,Kolkata,4,3860,NetBanking,Delivered,2022-01-05 20:00:00,15440
118,3343,Beauty,Bangalore,1,1975,NetBanking,Delivered,2022-01-05 21:00:00,1975
119,4796,Sports,Kolkata,3,4133,Card,Delivered,2022-01-05 22:00:00,12399
120,3767,Home,Hyderabad,1,1089,NetBanking,Delivered,2022-01-05 23:00:00,1089
121,4820,Home,Delhi,4,3844,Card,Cancelled,2022-01-06 00:00:00,15376
122,1337,Electronics,Delhi,1,2786,COD,Delivered,2022-01-06 01:00:00,2786
123,1878,Beauty,Chennai,4,519,COD,Delivered,2022-01-06 02:00:00,2076
124,2076,Beauty,Chennai,1,693,UPI,Delivered,2022-01-06 03:00:00,693
125,1791,Beauty,Pune,3,1874,COD,Delivered,2022-01-06 04:00:00,5622
126,4993,Books,Bangalore,3,2559,Card,Delivered,2022-01-06 05:00:00,7677
127,3264,Clothing,Hyderabad,1,1035,NetBanking,Delivered,2022-01-06 06:00:00,1035
128,1763,Books,Mumbai,1,3908,UPI,Delivered,2022-01-06 07:00:00,3908
129,3235,Clothing,Kolkata,3,431,NetBanking,Returned,2022-01-06 08:00:00,1293
130,1379,Beauty,Pune,4,3549,Card,Delivered,2022-01-06 09:00:00,14196
131,1492,Beauty,Bangalore,3,2802,COD,Delivered,2022-01-06 10:00:00,8406
132,4112,Books,Chennai,4,4106,UPI,Delivered,2022-01-06 11:00:00,16424
133,2180,Books,Kolkata,1,3968,Card,Cancelled,2022-01-06 12:00:00,3968
134,3062,Clothing,Chennai,1,4300,UPI,Delivered,2022-01-06 13:00:00,4300
135,4884,Home,Kolkata,4,301,UPI,Delivered,2022-01-06 14:00:00,1204
136,1064,Clothing,Mumbai,1,2597,COD,Delivered,2022-01-06 15:00:00,2597
137,4928,Books,Bangalore,4,1942,Card,Delivered,2022-01-06 16:00:00,7768
138,4910,Sports,Kolkata,2,1966,NetBanking,Delivered,2022-01-06 17:00:00,3932
139,3568,Books,Hyderabad,3,2096,UPI,Returned,2022-01-06 18:00:00,6288
140,2367,Sports,Pune,2,1009,UPI,Delivered,2022-01-06 19:00:00,2018
141,2152,Electronics,Delhi,4,4405,NetBanking,Returned,2022-01-06 20:00:00,17620
142,3027,Books,Hyderabad,3,4758,Card,Delivered,2022-01-06 21:00:00,14274
143,3695,Electronics,Hyderabad,4,3289,UPI,Delivered,2022-01-06 22:00:00,13156
144,2495,Home,Pune,3,870,UPI,Delivered,2022-01-06 23:00:00,2610
145,4134,Clothing,Delhi,3,3255,UPI,Delivered,2022-01-07 00:00:00,9765
146,2162,Sports,Hyderabad,3,2601,Card,Cancelled,2022-01-07 01:00:00,7803
147,2522,Clothing,Kolkata,3,2814,Card,Returned,2022-01-07 02:00:00,8442
148,3640,Electronics,Kolkata,4,4824,NetBanking,Cancelled,2022-01-07 03:00:00,19296
149,1391,Sports,Kolkata,3,3685,Card,Delivered,2022-01-07 04:00:00,11055
150,2698,Clothing,Delhi,3,1728,Card,Delivered,2022-01-07 05:00:00,5184
151,1418,Books,Hyderabad,2,486,COD,Delivered,2022-01-07 06:00:00,972
152,3336,Beauty,Delhi,1,3521,NetBanking,Returned,2022-01-07 07:00:00,3521
153,1378,Electronics,Kolkata,1,4108,UPI,Delivered,2022-01-07 08:00:00,4108
154,2796,Clothing,Pune,2,4193,Card,Delivered,2022-01-07 09:00:00,8386
155,4561,Electronics,Hyderabad,2,4463,UPI,Delivered,2022-01-07 10:00:00,8926
156,3278,Electronics,Hyderabad,4,2566,UPI,Delivered,2022-01-07 11:00:00,10264
157,4065,Sports,Chennai,4,2382,COD,Returned,2022-01-07 12:00:00,9528
158,3088,Sports,Chennai,4,1956,Card,Delivered,2022-01-07 13:00:00,7824
159,4099,Beauty,Mumbai,2,2098,NetBanking,Delivered,2022-01-07 14:00:00,4196
160,3182,Books,Bangalore,2,1336,Card,Delivered,2022-01-07 15:00:00,2672
161,1200,Electronics,Chennai,3,4769,UPI,Delivered,2022-01-07 16:00:00,14307
162,2863,Clothing,Delhi,4,4244,NetBanking,Delivered,2022-01-07 17:00:00,16976
163,1779,Home,Chennai,4,1250,Card,Delivered,2022-01-07 18:00:00,5000
164,3977,Electronics,Mumbai,4,4418,UPI,Cancelled,2022-01-07 19:00:00,17672
165,4104,Electronics,Hyderabad,1,1531,UPI,Returned,2022-01-07 20:00:00,1531
166,4119,Beauty,Mumbai,3,1919,COD,Delivered,2022-01-07 21:00:00,5757
167,1502,Books,Hyderabad,4,2424,COD,Delivered,2022-01-07 22:00:00,9696
168,3454,Home,Pune,4,1230,COD,Returned,2022-01-07 23:00:00,4920
169,4645,Sports,Pune,4,2758,UPI,Delivered,2022-01-08 00:00:00,11032
170,2751,Sports,Hyderabad,1,3600,Card,Delivered,2022-01-08 01:00:00,3600
171,1804,Clothing,Bangalore,1,474,COD,Delivered,2022-01-08 02:00:00,474
172,3146,Home,Chennai,2,2220,Card,Delivered,2022-01-08 03:00:00,4440
173,3731,Sports,Delhi,3,4120,COD,Delivered,2022-01-08 04:00:00,12360
174,2895,Clothing,Delhi,2,2121,NetBanking,Returned,2022-01-08 05:00:00,4242
175,3773,Books,Kolkata,3,3805,NetBanking,Delivered,2022-01-08 06:00:00,11415
176,2570,Clothing,Hyderabad,1,3359,COD,Delivered,2022-01-08 07:00:00,3359
177,1960,Sports,Delhi,4,3535,UPI,Delivered,2022-01-08 08:00:00,14140
178,4810,Beauty,Bangalore,2,1989,COD,Delivered,2022-01-08 09:00:00,3978
179,3660,Beauty,Hyderabad,4,1923,COD,Delivered,2022-01-08 10:00:00,7692
180,2485,Beauty,Bangalore,2,1574,UPI,Delivered,2022-01-08 11:00:00,3148
181,3690,Sports,Delhi,1,2342,NetBanking,Delivered,2022-01-08 12:00:00,2342
182,4840,Beauty,Delhi,1,3343,Card,Delivered,2022-01-08 13:00:00,3343
183,2028,Home,Kolkata,1,3234,COD,Returned,2022-01-08 14:00:00,3234
184,4289,Books,Delhi,2,2170,UPI,Cancelled,2022-01-08 15:00:00,4340
185,1502,Clothing,Hyderabad,3,459,COD,Delivered,2022-01-08 16:00:00,1377
186,3814,Clothing,Pune,2,2141,UPI,Delivered,2022-01-08 17:00:00,4282
187,1397,Sports,Hyderabad,3,1241,Card,Delivered,2022-01-08 18:00:00,3723
188,1870,Beauty,Hyderabad,2,1735,Card,Delivered,2022-01-08 19:00:00,3470
189,3842,Beauty,Kolkata,2,4100,NetBanking,Delivered,2022-01-08 20:00:00,8200
190,1392,Electronics,Kolkata,1,2043,UPI,Delivered,2022-01-08 21:00:00,2043
191,1206,Books,Delhi,4,4874,UPI,Delivered,2022-01-08 22:00:00,19496
192,2038,Home,Mumbai,4,3461,NetBanking,Cancelled,2022-01-08 23:00:00,13844
193,2881,Clothing,Mumbai,3,3080,NetBanking,Cancelled,2022-01-09 00:00:00,9240
194,4625,Electronics,Kolkata,4,106,UPI,Returned,2022-01-09 01:00:00,424
195,3939,Electronics,Delhi,2,3367,NetBanking,Delivered,2022-01-09 02:00:00,6734
196,2484,Sports,Mumbai,2,1691,Card,Delivered,2022-01-09 03:00:00,3382
197,4762,Clothing,Delhi,1,3364,COD,Delivered,2022-01-09 04:00:00,3364
198,4646,Sports,Delhi,1,2706,Card,Delivered,2022-01-09 05:00:00,2706
199,1863,Home,Delhi,4,3319,NetBanking,Delivered,2022-01-09 06:00:00,13276
200,3790,Electronics,Chennai,3,3373,UPI,Delivered,2022-01-09 07:00:00,10119
201,4312,Electronics,Hyderabad,4,1013,UPI,Delivered,2022-01-09 08:00:00,4052
202,1563,Books,Delhi,4,2111,Card,Cancelled,2022-01-09 09:00:00,8444
203,2020,Home,Chennai,4,1542,UPI,Delivered,2022-01-09 10:00:00,6168
204,1095,Electronics,Kolkata,4,3154,NetBanking,Delivered,2022-01-09 11:00:00,12616
205,2923,Home,Mumbai,2,3646,Card,Delivered,2022-01-09 12:00:00,7292
206,2757,Clothing,Hyderabad,3,4321,UPI,Delivered,2022-01-09 13:00:00,12963
207,3532,Beauty,Pune,2,3028,COD,Delivered,2022-01-09 14:00:00,6056
208,4478,Electronics,Mumbai,3,1929,COD,Delivered,2022-01-09 15:00:00,5787
209,3278,Books,Hyderabad,1,675,NetBanking,Delivered,2022-01-09 16:00:00,675
210,3796,Clothing,Pune,4,1029,UPI,Delivered,2022-01-09 17:00:00,4116
211,2678,Home,Mumbai,2,3859,NetBanking,Delivered,2022-01-09 18:00:00,7718
212,4242,Sports,Hyderabad,3,3799,Card,Delivered,2022-01-09 19:00:00,11397
213,1540,Clothing,Mumbai,1,1563,COD,Delivered,2022-01-09 20:00:00,1563
214,2059,Electronics,Mumbai,1,3375,Card,Returned,2022-01-09 21:00:00,3375
215,3572,Home,Pune,4,1154,UPI,Delivered,2022-01-09 22:00:00,4616
216,2183,Beauty,Mumbai,3,2000,NetBanking,Delivered,2022-01-09 23:00:00,6000
217,4910,Clothing,Mumbai,2,1557,NetBanking,Delivered,2022-01-10 00:00:00,3114
218,2722,Electronics,Pune,4,1499,NetBanking,Returned,2022-01-10 01:00:00,5996
219,4314,Books,Kolkata,2,3515,Card,Cancelled,2022-01-10 02:00:00,7030
220,4157,Sports,Delhi,1,542,COD,Delivered,2022-01-10 03:00:00,542
221,2819,Home,Bangalore,2,3750,Card,Delivered,2022-01-10 04:00:00,7500
222,3625,Clothing,Chennai,2,4752,Card,Cancelled,2022-01-10 05:00:00,9504
223,3729,Clothing,Bangalore,4,1278,UPI,Delivered,2022-01-10 06:00:00,5112
224,3604,Beauty,Bangalore,2,4558,UPI,Delivered,2022-01-10 07:00:00,9116
225,2597,Beauty,Hyderabad,4,1357,UPI,Delivered,2022-01-10 08:00:00,5428
226,4060,Books,Delhi,1,3734,COD,Cancelled,2022-01-10 09:00:00,3734
227,3693,Sports,Hyderabad,4,1941,COD,Cancelled,2022-01-10 10:00:00,7764
228,1795,Books,Delhi,4,2409,UPI,Delivered,2022-01-10 11:00:00,9636
229,2051,Electronics,Pune,3,1010,UPI,Delivered,2022-01-10 12:00:00,3030
230,2643,Electronics,Pune,2,4440,COD,Delivered,2022-01-10 13:00:00,8880
231,4627,Books,Delhi,1,4737,NetBanking,Delivered,2022-01-10 14:00:00,4737
232,2363,Sports,Mumbai,4,4109,COD,Returned,2022-01-10 15:00:00,16436
233,4869,Books,Kolkata,1,2269,COD,Delivered,2022-01-10 16:00:00,2269
234,2981,Sports,Mumbai,3,2272,COD,Delivered,2022-01-10 17:00:00,6816
235,2354,Sports,Kolkata,2,223,UPI,Delivered,2022-01-10 18:00:00,446
236,2663,Home,Hyderabad,4,3258,NetBanking,Delivered,2022-01-10 19:00:00,13032
237,2529,Sports,Kolkata,2,885,COD,Delivered,2022-01-10 20:00:00,1770
238,3038,Beauty,Hyderabad,3,2516,UPI,Delivered,2022-01-10 21:00:00,7548
239,4419,Sports,Pune,3,896,Card,Delivered,2022-01-10 22:00:00,2688
240,2496,Sports,Bangalore,1,4272,Card,Delivered,2022-01-10 23:00:00,4272
241,4302,Sports,Pune,4,4254,COD,Delivered,2022-01-11 00:00:00,17016
242,3237,Electronics,Pune,1,2036,Card,Delivered,2022-01-11 01:00:00,2036
243,4296,Beauty,Bangalore,3,2256,NetBanking,Delivered,2022-01-11 02:00:00,6768
244,2408,Beauty,Kolkata,2,3907,Card,Returned,2022-01-11 03:00:00,7814
245,2400,Books,Kolkata,1,1401,Card,Cancelled,2022-01-11 04:00:00,1401
246,2306,Home,Hyderabad,1,4263,NetBanking,Returned,2022-01-11 05:00:00,4263
247,3680,Sports,Mumbai,2,3240,COD,Delivered,2022-01-11 06:00:00,6480
248,3675,Clothing,Hyderabad,1,3336,COD,Returned,2022-01-11 07:00:00,3336
249,1972,Home,Mumbai,2,2452,NetBanking,Delivered,2022-01-11 08:00:00,4904
250,2768,Home,Pune,4,2032,NetBanking,Delivered,2022-01-11 09:00:00,8128
251,2282,Beauty,Bangalore,2,2821,NetBanking,Delivered,2022-01-11 10:00:00,5642
252,4430,Home,Pune,4,464,Card,Delivered,2022-01-11 11:00:00,1856
253,1709,Sports,Delhi,2,2490,NetBanking,Delivered,2022-01-11 12:00:00,4980
254,2479,Sports,Kolkata,3,1046,UPI,Delivered,2022-01-11 13:00:00,3138
255,2434,Electronics,Mumbai,3,1477,Card,Delivered,2022-01-11 14:00:00,4431
256,1648,Sports,Hyderabad,4,1539,COD,Delivered,2022-01-11 15:00:00,6156
257,1317,Sports,Bangalore,4,3280,COD,Delivered,2022-01-11 16:00:00,13120
258,4748,Beauty,Mumbai,3,4957,COD,Delivered,2022-01-11 17:00:00,14871
259,4296,Sports,Hyderabad,4,440,Card,Delivered,2022-01-11 18:00:00,1760
260,4890,Electronics,Kolkata,2,3089,UPI,Cancelled,2022-01-11 19:00:00,6178
261,2257,Clothing,Pune,2,482,NetBanking,Cancelled,2022-01-11 20:00:00,964
262,1683,Beauty,Kolkata,3,1656,NetBanking,Delivered,2022-01-11 21:00:00,4968
263,1663,Clothing,Chennai,1,399,COD,Delivered,2022-01-11 22:00:00,399
264,2998,Beauty,Delhi,2,238,COD,Delivered,2022-01-11 23:00:00,476
265,4898,Books,Chennai,4,458,Card,Cancelled,2022-01-12 00:00:00,1832
266,4445,Home,Bangalore,1,1622,UPI,Delivered,2022-01-12 01:00:00,1622
267,4743,Books,Mumbai,1,3556,NetBanking,Delivered,2022-01-12 02:00:00,3556
268,2631,Sports,Bangalore,2,1727,Card,Delivered,2022-01-12 03:00:00,3454
269,2495,Clothing,Pune,2,1403,NetBanking,Delivered,2022-01-12 04:00:00,2806
270,4304,Sports,Hyderabad,1,1234,COD,Delivered,2022-01-12 05:00:00,1234
271,4763,Home,Kolkata,1,2286,NetBanking,Cancelled,2022-01-12 06:00:00,2286
272,2136,Beauty,Chennai,3,3270,UPI,Delivered,2022-01-12 07:00:00,9810
273,2853,Home,Chennai,4,3935,UPI,Delivered,2022-01-12 08:00:00,15740
274,2520,Electronics,Pune,3,2251,COD,Cancelled,2022-01-12 09:00:00,6753
275,3489,Home,Chennai,2,1337,UPI,Cancelled,2022-01-12 10:00:00,2674
276,1563,Electronics,Pune,3,3835,UPI,Delivered,2022-01-12 11:00:00,11505
277,2291,Home,Bangalore,3,2934,Card,Delivered,2022-01-12 12:00:00,8802
278,4581,Electronics,Kolkata,3,4360,NetBanking,Delivered,2022-01-12 13:00:00,13080
279,4878,Clothing,Mumbai,3,1098,COD,Returned,2022-01-12 14:00:00,3294
280,4457,Sports,Hyderabad,4,2667,COD,Delivered,2022-01-12 15:00:00,10668
281,4458,Sports,Mumbai,4,1407,COD,Returned,2022-01-12 16:00:00,5628
282,4184,Books,Bangalore,1,756,COD,Delivered,2022-01-12 17:00:00,756
283,2636,Sports,Hyderabad,2,2760,COD,Delivered,2022-01-12 18:00:00,5520
284,4696,Beauty,Chennai,3,2311,UPI,Delivered,2022-01-12 19:00:00,6933
285,3999,Home,Delhi,1,2009,Card,Delivered,2022-01-12 20:00:00,2009
286,4152,Books,Bangalore,1,3830,COD,Delivered,2022-01-12 21:00:00,3830
287,1698,Beauty,Bangalore,1,2146,Card,Delivered,2022-01-12 22:00:00,2146
288,3160,Beauty,Kolkata,4,3262,Card,Delivered,2022-01-12 23:00:00,13048
289,1001,Electronics,Mumbai,3,1240,UPI,Returned,2022-01-13 00:00:00,3720
290,1641,Sports,Bangalore,3,366,COD,Delivered,2022-01-13 01:00:00,1098
291,3267,Clothing,Bangalore,2,1945,UPI,Delivered,2022-01-13 02:00:00,3890
292,2589,Clothing,Chennai,3,1808,COD,Delivered,2022-01-13 03:00:00,5424
293,1854,Books,Chennai,3,3730,UPI,Delivered,2022-01-13 04:00:00,11190
294,2759,Clothing,Hyderabad,1,3311,Card,Delivered,2022-01-13 05:00:00,3311
295,4296,Home,Pune,2,2393,COD,Delivered,2022-01-13 06:00:00,4786
296,3432,Clothing,Pune,3,3832,NetBanking,Returned,2022-01-13 07:00:00,11496
297,4474,Books,Delhi,4,3929,Card,Delivered,2022-01-13 08:00:00,15716
298,2661,Clothing,Pune,3,1610,NetBanking,Delivered,2022-01-13 09:00:00,4830
299,2153,Home,Kolkata,1,575,Card,Delivered,2022-01-13 10:00:00,575
300,2076,Electronics,Delhi,4,1076,UPI,Delivered,2022-01-13 11:00:00,4304
301,2707,Books,Hyderabad,1,1307,COD,Delivered,2022-01-13 12:00:00,1307
302,3777,Electronics,Chennai,3,2060,Card,Cancelled,2022-01-13 13:00:00,6180
303,2695,Electronics,Pune,4,657,UPI,Cancelled,2022-01-13 14:00:00,2628
304,2733,Electronics,Mumbai,2,982,COD,Delivered,2022-01-13 15:00:00,1964
305,2439,Beauty,Chennai,2,2294,COD,Delivered,2022-01-13 16:00:00,4588
306,3294,Sports,Kolkata,4,4861,Card,Delivered,2022-01-13 17:00:00,19444
307,1835,Beauty,Chennai,4,2767,COD,Delivered,2022-01-13 18:00:00,11068
308,4510,Sports,Kolkata,1,4777,Card,Delivered,2022-01-13 19:00:00,4777
309,1202,Electronics,Kolkata,4,4890,COD,Delivered,2022-01-13 20:00:00,19560
310,4255,Books,Kolkata,1,1710,NetBanking,Delivered,2022-01-13 21:00:00,1710
311,1122,Sports,Hyderabad,3,3588,UPI,Delivered,2022-01-13 22:00:00,10764
312,1400,Home,Kolkata,1,2554,NetBanking,Delivered,2022-01-13 23:00:00,2554
313,1766,Home,Kolkata,4,4594,Card,Delivered,2022-01-14 00:00:00,18376
314,1293,Clothing,Mumbai,4,2046,NetBanking,Delivered,2022-01-14 01:00:00,8184
315,3327,Sports,Delhi,3,4910,Card,Delivered,2022-01-14 02:00:00,14730
316,4908,Books,Bangalore,4,4899,COD,Cancelled,2022-01-14 03:00:00,19596
317,3931,Beauty,Delhi,4,2908,COD,Delivered,2022-01-14 04:00:00,11632
318,4681,Electronics,Kolkata,2,3925,Card,Delivered,2022-01-14 05:00:00,7850
319,1197,Clothing,Mumbai,2,3636,NetBanking,Delivered,2022-01-14 06:00:00,7272
320,4029,Home,Chennai,3,3902,COD,Cancelled,2022-01-14 07:00:00,11706
321,2930,Beauty,Mumbai,1,4277,UPI,Delivered,2022-01-14 08:00:00,4277
322,4582,Beauty,Kolkata,2,4799,COD,Delivered,2022-01-14 09:00:00,9598
323,3799,Electronics,Mumbai,1,2070,UPI,Delivered,2022-01-14 10:00:00,2070
324,3191,Sports,Pune,4,3922,NetBanking,Delivered,2022-01-14 11:00:00,15688
325,1608,Home,Mumbai,2,2919,UPI,Returned,2022-01-14 12:00:00,5838
326,4272,Books,Kolkata,3,1002,UPI,Delivered,2022-01-14 13:00:00,3006
327,2147,Beauty,Hyderabad,3,464,UPI,Cancelled,2022-01-14 14:00:00,1392
328,1186,Electronics,Pune,3,4358,UPI,Returned,2022-01-14 15:00:00,13074
329,4397,Books,Mumbai,2,3219,COD,Returned,2022-01-14 16:00:00,6438
330,3511,Sports,Bangalore,1,2658,UPI,Delivered,2022-01-14 17:00:00,2658
331,4420,Home,Bangalore,4,1963,COD,Delivered,2022-01-14 18:00:00,7852
332,2794,Sports,Mumbai,1,215,UPI,Delivered,2022-01-14 19:00:00,215
333,1659,Beauty,Hyderabad,1,2484,Card,Delivered,2022-01-14 20:00:00,2484
334,3811,Books,Chennai,4,4035,NetBanking,Delivered,2022-01-14 21:00:00,16140
335,4002,Books,Kolkata,4,2590,UPI,Delivered,2022-01-14 22:00:00,10360
336,2955,Books,Bangalore,2,1042,Card,Delivered,2022-01-14 23:00:00,2084
337,3450,Beauty,Chennai,2,1824,UPI,Delivered,2022-01-15 00:00:00,3648
338,2369,Beauty,Mumbai,2,2434,UPI,Cancelled,2022-01-15 01:00:00,4868
339,2986,Sports,Chennai,2,2867,UPI,Delivered,2022-01-15 02:00:00,5734
340,2534,Clothing,Pune,2,1237,Card,Cancelled,2022-01-15 03:00:00,2474
341,1146,Sports,Delhi,4,2627,NetBanking,Delivered,2022-01-15 04:00:00,10508
342,4219,Home,Bangalore,1,4217,Card,Cancelled,2022-01-15 05:00:00,4217
343,3911,Electronics,Mumbai,2,3520,NetBanking,Delivered,2022-01-15 06:00:00,7040
344,2734,Books,Kolkata,2,4878,UPI,Delivered,2022-01-15 07:00:00,9756
345,2843,Clothing,Hyderabad,1,4006,COD,Returned,2022-01-15 08:00:00,4006
346,1488,Electronics,Pune,2,3737,UPI,Delivered,2022-01-15 09:00:00,7474
347,3976,Clothing,Mumbai,1,3053,NetBanking,Cancelled,2022-01-15 10:00:00,3053
348,2959,Sports,Kolkata,1,2467,Card,Delivered,2022-01-15 11:00:00,2467
349,2663,Beauty,Hyderabad,4,4321,UPI,Delivered,2022-01-15 12:00:00,17284
350,3598,Books,Hyderabad,3,376,Card,Delivered,2022-01-15 13:00:00,1128
351,3385,Sports,Mumbai,4,2099,Card,Delivered,2022-01-15 14:00:00,8396
352,3919,Electronics,Pune,3,1327,Card,Delivered,2022-01-15 15:00:00,3981
353,1640,Electronics,Chennai,3,3852,UPI,Delivered,2022-01-15 16:00:00,11556
354,2802,Electronics,Chennai,3,3835,Card,Delivered,2022-01-15 17:00:00,11505
355,3520,Electronics,Hyderabad,2,795,Card,Delivered,2022-01-15 18:00:00,1590
356,2969,Electronics,Chennai,4,1409,UPI,Returned,2022-01-15 19:00:00,5636
357,3198,Clothing,Delhi,3,4252,Card,Returned,2022-01-15 20:00:00,12756
358,2438,Sports,Hyderabad,1,3334,UPI,Delivered,2022-01-15 21:00:00,3334
359,4369,Books,Hyderabad,2,4214,NetBanking,Delivered,2022-01-15 22:00:00,8428
360,2634,Beauty,Kolkata,4,2411,NetBanking,Delivered,2022-01-15 23:00:00,9644
361,1262,Beauty,Chennai,3,2941,NetBanking,Delivered,2022-01-16 00:00:00,8823
362,2787,Sports,Pune,1,4308,Card,Cancelled,2022-01-16 01:00:00,4308
363,3191,Sports,Hyderabad,4,3659,COD,Returned,2022-01-16 02:00:00,14636
364,3393,Beauty,Pune,4,3498,COD,Delivered,2022-01-16 03:00:00,13992
365,1623,Beauty,Delhi,2,641,Card,Delivered,2022-01-16 04:00:00,1282
366,2016,Clothing,Kolkata,4,2794,COD,Delivered,2022-01-16 05:00:00,11176
367,4643,Home,Mumbai,2,4774,UPI,Returned,2022-01-16 06:00:00,9548
368,1880,Books,Pune,3,1188,COD,Delivered,2022-01-16 07:00:00,3564
369,3049,Electronics,Hyderabad,2,3463,Card,Delivered,2022-01-16 08:00:00,6926
370,3944,Home,Delhi,1,124,Card,Delivered,2022-01-16 09:00:00,124
371,2327,Sports,Bangalore,2,1672,UPI,Delivered,2022-01-16 10:00:00,3344
372,3301,Beauty,Delhi,1,3058,NetBanking,Delivered,2022-01-16 11:00:00,3058
373,4723,Home,Delhi,2,4336,Card,Returned,2022-01-16 12:00:00,8672
374,1452,Books,Kolkata,4,1867,UPI,Delivered,2022-01-16 13:00:00,7468
375,4108,Sports,Mumbai,3,4843,COD,Delivered,2022-01-16 14:00:00,14529
376,2183,Electronics,Bangalore,1,2335,COD,Delivered,2022-01-16 15:00:00,2335
377,4062,Electronics,Chennai,2,300,UPI,Delivered,2022-01-16 16:00:00,600
378,3056,Books,Chennai,2,3298,UPI,Delivered,2022-01-16 17:00:00,6596
379,4304,Books,Pune,2,356,Card,Delivered,2022-01-16 18:00:00,712
380,4170,Beauty,Delhi,4,3847,COD,Delivered,2022-01-16 19:00:00,15388
381,2682,Electronics,Kolkata,4,4742,UPI,Delivered,2022-01-16 20:00:00,18968
382,3863,Sports,Kolkata,1,2341,COD,Delivered,2022-01-16 21:00:00,2341
383,3255,Home,Chennai,1,3275,UPI,Delivered,2022-01-16 22:00:00,3275
384,2154,Sports,Pune,4,3706,COD,Cancelled,2022-01-16 23:00:00,14824
385,1403,Clothing,Pune,1,3436,NetBanking,Delivered,2022-01-17 00:00:00,3436
386,3199,Clothing,Pune,3,4997,Card,Delivered,2022-01-17 01:00:00,14991
387,3101,Books,Bangalore,3,513,COD,Delivered,2022-01-17 02:00:00,1539
388,4191,Beauty,Mumbai,4,2114,NetBanking,Delivered,2022-01-17 03:00:00,8456
389,2696,Clothing,Bangalore,1,1481,COD,Delivered,2022-01-17 04:00:00,1481
390,4991,Electronics,Hyderabad,2,1198,COD,Delivered,2022-01-17 05:00:00,2396
391,1627,Sports,Hyderabad,3,3526,NetBanking,Delivered,2022-01-17 06:00:00,10578
392,1586,Sports,Mumbai,4,3755,COD,Delivered,2022-01-17 07:00:00,15020
393,2648,Books,Chennai,1,1009,COD,Delivered,2022-01-17 08:00:00,1009
394,2443,Home,Mumbai,4,287,Card,Cancelled,2022-01-17 09:00:00,1148
395,2445,Books,Kolkata,2,4144,NetBanking,Returned,2022-01-17 10:00:00,8288
396,1103,Home,Hyderabad,3,3856,NetBanking,Delivered,2022-01-17 11:00:00,11568
397,4923,Books,Delhi,4,2115,UPI,Delivered,2022-01-17 12:00:00,8460
398,1253,Books,Delhi,4,2192,COD,Cancelled,2022-01-17 13:00:00,8768
399,4298,Books,Chennai,4,3744,Card,Returned,2022-01-17 14:00:00,14976
400,4183,Home,Kolkata,2,2230,COD,Delivered,2022-01-17 15:00:00,4460
401,3557,Home,Bangalore,4,457,COD,Delivered,2022-01-17 16:00:00,1828
402,2496,Books,Kolkata,2,2522,UPI,Delivered,2022-01-17 17:00:00,5044
403,1098,Clothing,Delhi,2,4357,COD,Delivered,2022-01-17 18:00:00,8714
404,3200,Beauty,Delhi,2,4645,Card,Delivered,2022-01-17 19:00:00,9290
405,2884,Beauty,Hyderabad,3,1597,Card,Delivered,2022-01-17 20:00:00,4791
406,3961,Beauty,Kolkata,3,2258,UPI,Delivered,2022-01-17 21:00:00,6774
407,2919,Home,Kolkata,4,2655,COD,Delivered,2022-01-17 22:00:00,10620
408,1877,Home,Delhi,4,2442,Card,Delivered,2022-01-17 23:00:00,9768
409,1337,Clothing,Bangalore,3,3051,COD,Delivered,2022-01-18 00:00:00,9153
410,4777,Beauty,Chennai,1,1338,COD,Delivered,2022-01-18 01:00:00,1338
411,3869,Beauty,Pune,3,1073,COD,Delivered,2022-01-18 02:00:00,3219
412,4234,Books,Chennai,2,4827,UPI,Delivered,2022-01-18 03:00:00,9654
413,4791,Home,Kolkata,3,4065,COD,Returned,2022-01-18 04:00:00,12195
414,1956,Beauty,Chennai,2,1150,Card,Delivered,2022-01-18 05:00:00,2300
415,2704,Sports,Delhi,4,3801,COD,Delivered,2022-01-18 06:00:00,15204
416,1160,Clothing,Delhi,1,2880,Card,Delivered,2022-01-18 07:00:00,2880
417,2603,Sports,Kolkata,4,1688,COD,Delivered,2022-01-18 08:00:00,6752
418,3848,Sports,Kolkata,2,3978,Card,Returned,2022-01-18 09:00:00,7956
419,1397,Clothing,Pune,2,2468,Card,Delivered,2022-01-18 10:00:00,4936
420,2300,Sports,Pune,2,536,COD,Delivered,2022-01-18 11:00:00,1072
421,1815,Beauty,Hyderabad,1,2928,COD,Delivered,2022-01-18 12:00:00,2928
422,4987,Home,Kolkata,3,1656,Card,Delivered,2022-01-18 13:00:00,4968
423,2527,Clothing,Bangalore,4,3958,NetBanking,Cancelled,2022-01-18 14:00:00,15832
424,2919,Books,Chennai,4,1404,UPI,Cancelled,2022-01-18 15:00:00,5616
425,2415,Sports,Kolkata,3,2484,NetBanking,Delivered,2022-01-18 16:00:00,7452
426,2158,Clothing,Mumbai,4,282,NetBanking,Delivered,2022-01-18 17:00:00,1128
427,2218,Electronics,Hyderabad,1,1689,COD,Cancelled,2022-01-18 18:00:00,1689
428,1400,Electronics,Mumbai,4,1687,UPI,Returned,2022-01-18 19:00:00,6748
429,1639,Home,Delhi,2,759,NetBanking,Delivered,2022-01-18 20:00:00,1518
430,4104,Beauty,Pune,3,259,COD,Delivered,2022-01-18 21:00:00,777
431,3735,Home,Chennai,1,4053,NetBanking,Delivered,2022-01-18 22:00:00,4053
432,1459,Home,Kolkata,3,1111,NetBanking,Cancelled,2022-01-18 23:00:00,3333
433,1954,Home,Mumbai,1,152,COD,Delivered,2022-01-19 00:00:00,152
434,4954,Home,Chennai,2,2407,COD,Delivered,2022-01-19 01:00:00,4814
435,1469,Books,Delhi,3,1328,COD,Delivered,2022-01-19 02:00:00,3984
436,4446,Books,Pune,4,1135,UPI,Delivered,2022-01-19 03:00:00,4540
437,2045,Clothing,Bangalore,1,3802,NetBanking,Delivered,2022-01-19 04:00:00,3802
438,3797,Electronics,Hyderabad,3,4145,COD,Delivered,2022-01-19 05:00:00,12435
439,2693,Home,Chennai,4,4549,Card,Delivered,2022-01-19 06:00:00,18196
440,3085,Clothing,Chennai,3,1364,NetBanking,Delivered,2022-01-19 07:00:00,4092
441,3277,Electronics,Bangalore,3,1984,Card,Delivered,2022-01-19 08:00:00,5952
442,4436,Sports,Chennai,3,1909,UPI,Delivered,2022-01-19 09:00:00,5727
443,1562,Beauty,Delhi,1,3267,COD,Delivered,2022-01-19 10:00:00,3267
444,3485,Books,Delhi,4,3897,Card,Cancelled,2022-01-19 11:00:00,15588
445,2799,Sports,Bangalore,2,2441,UPI,Delivered,2022-01-19 12:00:00,4882
446,4354,Electronics,Hyderabad,1,3514,COD,Delivered,2022-01-19 13:00:00,3514
447,3074,Sports,Kolkata,1,917,Card,Delivered,2022-01-19 14:00:00,917
448,1225,Beauty,Mumbai,1,2537,Card,Delivered,2022-01-19 15:00:00,2537
449,4348,Electronics,Kolkata,2,988,UPI,Delivered,2022-01-19 16:00:00,1976
450,1797,Sports,Chennai,4,767,COD,Delivered,2022-01-19 17:00:00,3068
451,4680,Books,Mumbai,4,4828,COD,Delivered,2022-01-19 18:00:00,19312
452,3331,Books,Bangalore,4,2724,Card,Delivered,2022-01-19 19:00:00,10896
453,3926,Clothing,Bangalore,3,4332,Card,Delivered,2022-01-19 20:00:00,12996
454,1959,Sports,Hyderabad,3,4623,Card,Delivered,2022-01-19 21:00:00,13869
455,2504,Home,Mumbai,3,918,COD,Delivered,2022-01-19 22:00:00,2754
456,1452,Sports,Delhi,2,2288,UPI,Delivered,2022-01-19 23:00:00,4576
457,4067,Electronics,Mumbai,3,1206,UPI,Delivered,2022-01-20 00:00:00,3618
458,4900,Electronics,Chennai,2,2324,COD,Delivered,2022-01-20 01:00:00,4648
459,1815,Sports,Delhi,4,297,NetBanking,Cancelled,2022-01-20 02:00:00,1188
460,1658,Beauty,Pune,3,2771,UPI,Cancelled,2022-01-20 03:00:00,8313
461,4587,Books,Pune,3,3592,Card,Delivered,2022-01-20 04:00:00,10776
462,1546,Electronics,Pune,1,2548,NetBanking,Delivered,2022-01-20 05:00:00,2548
463,2215,Books,Bangalore,2,570,NetBanking,Delivered,2022-01-20 06:00:00,1140
464,4120,Electronics,Mumbai,4,2048,UPI,Delivered,2022-01-20 07:00:00,8192
465,4583,Clothing,Pune,1,3999,NetBanking,Delivered,2022-01-20 08:00:00,3999
466,1016,Home,Kolkata,1,2110,NetBanking,Cancelled,2022-01-20 09:00:00,2110
467,4243,Electronics,Hyderabad,4,3900,UPI,Delivered,2022-01-20 10:00:00,15600
468,2243,Books,Kolkata,1,4218,UPI,Cancelled,2022-01-20 11:00:00,4218
469,3205,Clothing,Pune,2,3896,NetBanking,Delivered,2022-01-20 12:00:00,7792
470,3524,Electronics,Hyderabad,2,4088,Card,Delivered,2022-01-20 13:00:00,8176
471,2069,Beauty,Chennai,3,334,COD,Delivered,2022-01-20 14:00:00,1002
472,4444,Home,Kolkata,1,1028,NetBanking,Delivered,2022-01-20 15:00:00,1028
473,3565,Electronics,Mumbai,3,3707,NetBanking,Delivered,2022-01-20 16:00:00,11121
474,3146,Clothing,Mumbai,1,622,Card,Delivered,2022-01-20 17:00:00,622
475,4963,Beauty,Kolkata,2,3623,NetBanking,Delivered,2022-01-20 18:00:00,7246
476,2768,Sports,Pune,2,4626,NetBanking,Returned,2022-01-20 19:00:00,9252
477,2060,Clothing,Mumbai,2,4988,COD,Delivered,2022-01-20 20:00:00,9976
478,3327,Clothing,Chennai,1,1729,COD,Returned,2022-01-20 21:00:00,1729
479,4420,Beauty,Delhi,2,4728,COD,Returned,2022-01-20 22:00:00,9456
480,3544,Clothing,Pune,1,1416,UPI,Delivered,2022-01-20 23:00:00,1416
481,1301,Beauty,Chennai,3,2957,UPI,Delivered,2022-01-21 00:00:00,8871
482,1180,Electronics,Hyderabad,1,1224,COD,Delivered,2022-01-21 01:00:00,1224
483,1606,Beauty,Chennai,3,2687,COD,Cancelled,2022-01-21 02:00:00,8061
484,4170,Beauty,Pune,1,1123,UPI,Delivered,2022-01-21 03:00:00,1123
485,1699,Home,Hyderabad,3,1478,Card,Delivered,2022-01-21 04:00:00,4434
486,1992,Beauty,Pune,2,3474,NetBanking,Delivered,2022-01-21 05:00:00,6948
487,2139,Beauty,Mumbai,3,1619,NetBanking,Delivered,2022-01-21 06:00:00,4857
488,1190,Sports,Delhi,2,326,COD,Delivered,2022-01-21 07:00:00,652
489,3300,Electronics,Pune,2,991,Card,Delivered,2022-01-21 08:00:00,1982
490,1980,Home,Pune,3,4172,UPI,Delivered,2022-01-21 09:00:00,12516
491,3975,Sports,Mumbai,1,2357,COD,Cancelled,2022-01-21 10:00:00,2357
492,3006,Books,Bangalore,1,2888,Card,Delivered,2022-01-21 11:00:00,2888
493,2184,Electronics,Mumbai,4,496,Card,Returned,2022-01-21 12:00:00,1984
494,4327,Electronics,Hyderabad,1,2178,Card,Delivered,2022-01-21 13:00:00,2178
495,4394,Books,Mumbai,4,4844,UPI,Cancelled,2022-01-21 14:00:00,19376
496,1127,Beauty,Mumbai,1,4524,UPI,Delivered,2022-01-21 15:00:00,4524
497,3065,Sports,Delhi,1,3337,NetBanking,Delivered,2022-01-21 16:00:00,3337
498,2816,Clothing,Mumbai,2,3993,NetBanking,Delivered,2022-01-21 17:00:00,7986
499,2758,Home,Pune,4,2105,Card,Cancelled,2022-01-21 18:00:00,8420
500,3613,Clothing,Delhi,1,2116,Card,Delivered,2022-01-21 19:00:00,2116
501,1569,Books,Kolkata,4,3271,UPI,Cancelled,2022-01-21 20:00:00,13084
502,2346,Electronics,Bangalore,2,2768,NetBanking,Returned,2022-01-21 21:00:00,5536
503,2895,Electronics,Delhi,2,1978,Card,Delivered,2022-01-21 22:00:00,3956
504,3733,Home,Hyderabad,4,1296,NetBanking,Delivered,2022-01-21 23:00:00,5184
505,4863,Electronics,Kolkata,2,1872,NetBanking,Delivered,2022-01-22 00:00:00,3744
506,1625,Electronics,Delhi,3,261,Card,Delivered,2022-01-22 01:00:00,783
507,4359,Home,Delhi,3,4076,UPI,Cancelled,2022-01-22 02:00:00,12228
508,3901,Sports,Bangalore,2,1851,Card,Delivered,2022-01-22 03:00:00,3702
509,2686,Sports,Pune,3,875,Card,Delivered,2022-01-22 04:00:00,2625
510,4009,Home,Hyderabad,1,1039,NetBanking,Returned,2022-01-22 05:00:00,1039
511,4710,Books,Chennai,4,3320,Card,Delivered,2022-01-22 06:00:00,13280
512,1154,Electronics,Chennai,1,639,UPI,Cancelled,2022-01-22 07:00:00,639
513,3537,Electronics,Delhi,4,1561,Card,Delivered,2022-01-22 08:00:00,6244
514,2409,Books,Mumbai,2,455,UPI,Delivered,2022-01-22 09:00:00,910
515,1784,Sports,Hyderabad,1,3704,UPI,Delivered,2022-01-22 10:00:00,3704
516,4175,Beauty,Kolkata,2,3423,NetBanking,Delivered,2022-01-22 11:00:00,6846
517,4464,Beauty,Mumbai,2,334,COD,Delivered,2022-01-22 12:00:00,668
518,4882,Beauty,Mumbai,4,1648,COD,Delivered,2022-01-22 13:00:00,6592
519,1245,Sports,Hyderabad,4,2196,NetBanking,Delivered,2022-01-22 14:00:00,8784
520,4247,Sports,Pune,4,4313,Card,Delivered,2022-01-22 15:00:00,17252
521,4110,Books,Delhi,1,2201,NetBanking,Delivered,2022-01-22 16:00:00,2201
522,2500,Electronics,Delhi,3,1773,UPI,Delivered,2022-01-22 17:00:00,5319
523,2705,Books,Delhi,4,2200,COD,Delivered,2022-01-22 18:00:00,8800
524,3806,Books,Delhi,4,3757,NetBanking,Delivered,2022-01-22 19:00:00,15028
525,1537,Sports,Chennai,1,4753,Card,Delivered,2022-01-22 20:00:00,4753
526,2890,Beauty,Delhi,4,3696,NetBanking,Delivered,2022-01-22 21:00:00,14784
527,2841,Clothing,Chennai,1,3848,COD,Delivered,2022-01-22 22:00:00,3848
528,1920,Electronics,Chennai,2,3273,NetBanking,Delivered,2022-01-22 23:00:00,6546
529,3455,Sports,Pune,4,1915,NetBanking,Delivered,2022-01-23 00:00:00,7660
530,1524,Beauty,Delhi,4,3941,COD,Delivered,2022-01-23 01:00:00,15764
531,3875,Clothing,Bangalore,2,2105,UPI,Cancelled,2022-01-23 02:00:00,4210
532,2529,Clothing,Kolkata,2,4593,UPI,Delivered,2022-01-23 03:00:00,9186
533,3950,Sports,Mumbai,2,774,COD,Delivered,2022-01-23 04:00:00,1548
534,4896,Home,Chennai,4,486,NetBanking,Delivered,2022-01-23 05:00:00,1944
535,1035,Electronics,Hyderabad,3,2258,COD,Delivered,2022-01-23 06:00:00,6774
536,1684,Clothing,Hyderabad,3,2761,UPI,Returned,2022-01-23 07:00:00,8283
537,1019,Sports,Kolkata,3,2164,Card,Delivered,2022-01-23 08:00:00,6492
538,3368,Sports,Hyderabad,4,3951,NetBanking,Delivered,2022-01-23 09:00:00,15804
539,4847,Beauty,Bangalore,2,3353,UPI,Delivered,2022-01-23 10:00:00,6706
540,3559,Home,Hyderabad,4,4736,NetBanking,Delivered,2022-01-23 11:00:00,18944
541,1399,Electronics,Mumbai,2,4366,COD,Delivered,2022-01-23 12:00:00,8732
542,3701,Books,Mumbai,4,839,Card,Delivered,2022-01-23 13:00:00,3356
543,1971,Beauty,Chennai,4,1501,COD,Delivered,2022-01-23 14:00:00,6004
544,2906,Clothing,Delhi,2,3359,Card,Delivered,2022-01-23 15:00:00,6718
545,3518,Clothing,Pune,3,2377,NetBanking,Delivered,2022-01-23 16:00:00,7131
546,2166,Beauty,Bangalore,2,4004,NetBanking,Delivered,2022-01-23 17:00:00,8008
547,2115,Sports,Chennai,1,4023,COD,Delivered,2022-01-23 18:00:00,4023
548,4425,Clothing,Bangalore,1,4314,Card,Delivered,2022-01-23 19:00:00,4314
549,1833,Home,Delhi,2,3327,Card,Returned,2022-01-23 20:00:00,6654
550,2823,Electronics,Hyderabad,4,2931,NetBanking,Delivered,2022-01-23 21:00:00,11724
551,3774,Home,Hyderabad,1,3858,COD,Cancelled,2022-01-23 22:00:00,3858
552,2982,Clothing,Pune,1,2612,Card,Delivered,2022-01-23 23:00:00,2612
553,1853,Books,Delhi,4,2251,NetBanking,Delivered,2022-01-24 00:00:00,9004
554,1050,Electronics,Chennai,4,3775,UPI,Delivered,2022-01-24 01:00:00,15100
555,4736,Electronics,Pune,3,2845,COD,Delivered,2022-01-24 02:00:00,8535
556,4769,Beauty,Delhi,4,3966,UPI,Delivered,2022-01-24 03:00:00,15864
557,1574,Beauty,Kolkata,2,3864,COD,Delivered,2022-01-24 04:00:00,7728
558,4261,Books,Mumbai,2,2322,NetBanking,Delivered,2022-01-24 05:00:00,4644
559,2148,Sports,Pune,3,2892,Card,Returned,2022-01-24 06:00:00,8676
560,3197,Electronics,Pune,1,1797,Card,Delivered,2022-01-24 07:00:00,1797
561,3361,Books,Chennai,1,3562,Card,Delivered,2022-01-24 08:00:00,3562
562,3617,Beauty,Bangalore,4,4163,COD,Delivered,2022-01-24 09:00:00,16652
563,4413,Beauty,Kolkata,2,1624,NetBanking,Delivered,2022-01-24 10:00:00,3248
564,3352,Electronics,Chennai,1,4860,UPI,Delivered,2022-01-24 11:00:00,4860
565,2715,Home,Delhi,3,132,NetBanking,Delivered,2022-01-24 12:00:00,396
566,1681,Clothing,Delhi,3,4125,UPI,Returned,2022-01-24 13:00:00,12375
567,1837,Beauty,Delhi,2,2666,COD,Delivered,2022-01-24 14:00:00,5332
568,4854,Sports,Delhi,3,2903,COD,Delivered,2022-01-24 15:00:00,8709
569,2077,Sports,Bangalore,3,3996,UPI,Delivered,2022-01-24 16:00:00,11988
570,4050,Beauty,Kolkata,2,3809,UPI,Returned,2022-01-24 17:00:00,7618
571,3491,Home,Hyderabad,4,819,UPI,Delivered,2022-01-24 18:00:00,3276
572,3660,Home,Mumbai,4,4679,NetBanking,Delivered,2022-01-24 19:00:00,18716
573,4040,Books,Bangalore,3,1072,UPI,Delivered,2022-01-24 20:00:00,3216
574,3311,Sports,Bangalore,4,3818,COD,Delivered,2022-01-24 21:00:00,15272
575,4124,Books,Hyderabad,4,4502,COD,Delivered,2022-01-24 22:00:00,18008
576,2595,Sports,Hyderabad,3,4652,Card,Delivered,2022-01-24 23:00:00,13956
577,4051,Clothing,Mumbai,4,2307,UPI,Delivered,2022-01-25 00:00:00,9228
578,4691,Clothing,Mumbai,3,4526,NetBanking,Delivered,2022-01-25 01:00:00,13578
579,1004,Electronics,Hyderabad,1,4420,NetBanking,Delivered,2022-01-25 02:00:00,4420
580,2126,Books,Delhi,2,3130,NetBanking,Delivered,2022-01-25 03:00:00,6260
581,2219,Beauty,Bangalore,2,3675,Card,Delivered,2022-01-25 04:00:00,7350
582,1773,Books,Chennai,4,3216,COD,Delivered,2022-01-25 05:00:00,12864
583,1876,Beauty,Mumbai,4,3385,NetBanking,Delivered,2022-01-25 06:00:00,13540
584,1991,Home,Mumbai,4,743,COD,Delivered,2022-01-25 07:00:00,2972
585,3931,Books,Hyderabad,2,4811,Card,Delivered,2022-01-25 08:00:00,9622
586,4421,Home,Kolkata,1,294,UPI,Cancelled,2022-01-25 09:00:00,294
587,1046,Clothing,Chennai,1,4096,UPI,Returned,2022-01-25 10:00:00,4096
588,3914,Clothing,Chennai,2,588,UPI,Delivered,2022-01-25 11:00:00,1176
589,3870,Electronics,Mumbai,1,2304,NetBanking,Delivered,2022-01-25 12:00:00,2304
590,3983,Books,Delhi,2,2757,UPI,Delivered,2022-01-25 13:00:00,5514
591,4891,Home,Kolkata,1,3376,NetBanking,Delivered,2022-01-25 14:00:00,3376
592,3703,Beauty,Chennai,3,1202,Card,Delivered,2022-01-25 15:00:00,3606
593,1268,Clothing,Mumbai,3,1341,Card,Delivered,2022-01-25 16:00:00,4023
594,1369,Clothing,Chennai,2,615,NetBanking,Delivered,2022-01-25 17:00:00,1230
595,1635,Beauty,Pune,1,492,COD,Delivered,2022-01-25 18:00:00,492
596,2129,Home,Kolkata,4,730,UPI,Delivered,2022-01-25 19:00:00,2920
597,2693,Home,Kolkata,1,3816,UPI,Delivered,2022-01-25 20:00:00,3816
598,2682,Books,Pune,3,1947,UPI,Delivered,2022-01-25 21:00:00,5841
599,1656,Books,Bangalore,3,2755,NetBanking,Delivered,2022-01-25 22:00:00,8265
600,1119,Sports,Pune,1,1079,Card,Cancelled,2022-01-25 23:00:00,1079
601,1830,Sports,Hyderabad,1,4629,UPI,Returned,2022-01-26 00:00:00,4629
602,2810,Electronics,Hyderabad,4,3502,Card,Delivered,2022-01-26 01:00:00,14008
603,4675,Clothing,Mumbai,4,3971,UPI,Delivered,2022-01-26 02:00:00,15884
604,2081,Books,Kolkata,1,377,UPI,Delivered,2022-01-26 03:00:00,377
605,2974,Home,Bangalore,1,332,NetBanking,Delivered,2022-01-26 04:00:00,332
606,2369,Beauty,Bangalore,1,1652,COD,Delivered,2022-01-26 05:00:00,1652
607,1740,Home,Chennai,1,3370,NetBanking,Delivered,2022-01-26 06:00:00,3370
608,4545,Clothing,Chennai,2,2509,UPI,Delivered,2022-01-26 07:00:00,5018
609,1116,Sports,Pune,1,3612,UPI,Delivered,2022-01-26 08:00:00,3612
610,2853,Home,Bangalore,4,125,COD,Delivered,2022-01-26 09:00:00,500
611,3838,Electronics,Pune,3,560,Card,Delivered,2022-01-26 10:00:00,1680
612,2150,Clothing,Pune,2,3864,Card,Delivered,2022-01-26 11:00:00,7728
613,4464,Sports,Chennai,1,3531,UPI,Delivered,2022-01-26 12:00:00,3531
614,2931,Beauty,Kolkata,3,3583,Card,Returned,2022-01-26 13:00:00,10749
615,2012,Sports,Pune,2,2094,UPI,Delivered,2022-01-26 14:00:00,4188
616,2664,Electronics,Delhi,3,590,COD,Delivered,2022-01-26 15:00:00,1770
617,2081,Clothing,Kolkata,1,1172,COD,Cancelled,2022-01-26 16:00:00,1172
618,1633,Beauty,Bangalore,1,3273,UPI,Returned,2022-01-26 17:00:00,3273
619,1512,Electronics,Bangalore,4,315,COD,Delivered,2022-01-26 18:00:00,1260
620,4822,Sports,Pune,1,1823,NetBanking,Cancelled,2022-01-26 19:00:00,1823
621,3849,Electronics,Kolkata,1,1692,NetBanking,Delivered,2022-01-26 20:00:00,1692
622,2119,Clothing,Chennai,2,2706,COD,Delivered,2022-01-26 21:00:00,5412
623,4709,Books,Chennai,4,258,UPI,Delivered,2022-01-26 22:00:00,1032
624,2141,Electronics,Hyderabad,2,4881,UPI,Delivered,2022-01-26 23:00:00,9762
625,1559,Electronics,Bangalore,3,3413,COD,Delivered,2022-01-27 00:00:00,10239
626,4672,Sports,Mumbai,1,2941,Card,Delivered,2022-01-27 01:00:00,2941
627,1487,Sports,Hyderabad,3,1876,NetBanking,Delivered,2022-01-27 02:00:00,5628
628,4308,Beauty,Chennai,2,2152,Card,Delivered,2022-01-27 03:00:00,4304
629,4956,Sports,Kolkata,1,2395,UPI,Delivered,2022-01-27 04:00:00,2395
630,1896,Home,Chennai,1,1796,UPI,Delivered,2022-01-27 05:00:00,1796
631,4343,Clothing,Kolkata,2,3093,Card,Delivered,2022-01-27 06:00:00,6186
632,2212,Clothing,Hyderabad,2,2569,COD,Delivered,2022-01-27 07:00:00,5138
633,1703,Books,Bangalore,2,2046,Card,Delivered,2022-01-27 08:00:00,4092
634,2470,Books,Chennai,2,3909,Card,Cancelled,2022-01-27 09:00:00,7818
635,1580,Clothing,Pune,2,2883,NetBanking,Delivered,2022-01-27 10:00:00,5766
636,3837,Books,Kolkata,1,3744,NetBanking,Delivered,2022-01-27 11:00:00,3744
637,3908,Beauty,Bangalore,2,2600,Card,Delivered,2022-01-27 12:00:00,5200
638,3294,Sports,Mumbai,1,3745,Card,Delivered,2022-01-27 13:00:00,3745
639,4147,Clothing,Kolkata,1,2745,UPI,Delivered,2022-01-27 14:00:00,2745
640,1153,Books,Hyderabad,2,2449,NetBanking,Delivered,2022-01-27 15:00:00,4898
641,2679,Clothing,Mumbai,2,2032,NetBanking,Delivered,2022-01-27 16:00:00,4064
642,4506,Home,Mumbai,4,3394,UPI,Delivered,2022-01-27 17:00:00,13576
643,1996,Electronics,Delhi,1,1857,COD,Cancelled,2022-01-27 18:00:00,1857
644,4157,Sports,Chennai,2,1216,NetBanking,Delivered,2022-01-27 19:00:00,2432
645,3744,Clothing,Kolkata,2,2667,NetBanking,Delivered,2022-01-27 20:00:00,5334
646,4356,Electronics,Mumbai,2,3599,COD,Returned,2022-01-27 21:00:00,7198
647,2243,Books,Delhi,4,592,NetBanking,Delivered,2022-01-27 22:00:00,2368
648,2092,Electronics,Hyderabad,4,3406,NetBanking,Delivered,2022-01-27 23:00:00,13624
649,4118,Sports,Bangalore,3,719,COD,Delivered,2022-01-28 00:00:00,2157
650,2008,Clothing,Pune,1,3332,COD,Delivered,2022-01-28 01:00:00,3332
651,3141,Home,Pune,3,3923,Card,Delivered,2022-01-28 02:00:00,11769
652,2773,Books,Kolkata,2,2480,UPI,Delivered,2022-01-28 03:00:00,4960
653,1957,Clothing,Mumbai,4,1646,UPI,Delivered,2022-01-28 04:00:00,6584
654,4059,Sports,Pune,4,3663,COD,Delivered,2022-01-28 05:00:00,14652
655,1452,Books,Chennai,3,1705,COD,Delivered,2022-01-28 06:00:00,5115
656,2227,Beauty,Pune,4,3852,NetBanking,Delivered,2022-01-28 07:00:00,15408
657,3959,Electronics,Pune,2,4775,Card,Delivered,2022-01-28 08:00:00,9550
658,3265,Sports,Pune,4,1990,Card,Cancelled,2022-01-28 09:00:00,7960
659,3521,Beauty,Delhi,3,1375,COD,Delivered,2022-01-28 10:00:00,4125
660,3479,Clothing,Mumbai,2,2843,NetBanking,Delivered,2022-01-28 11:00:00,5686
661,3388,Home,Chennai,3,2593,NetBanking,Delivered,2022-01-28 12:00:00,7779
662,1550,Books,Mumbai,4,456,UPI,Delivered,2022-01-28 13:00:00,1824
663,2635,Electronics,Kolkata,3,969,UPI,Delivered,2022-01-28 14:00:00,2907
664,2312,Books,Kolkata,3,985,NetBanking,Delivered,2022-01-28 15:00:00,2955
665,4325,Clothing,Kolkata,1,2101,UPI,Cancelled,2022-01-28 16:00:00,2101
666,2757,Books,Hyderabad,4,1383,COD,Cancelled,2022-01-28 17:00:00,5532
667,1356,Electronics,Pune,4,719,NetBanking,Delivered,2022-01-28 18:00:00,2876
668,3070,Clothing,Hyderabad,3,982,UPI,Delivered,2022-01-28 19:00:00,2946
669,2785,Books,Delhi,1,896,Card,Delivered,2022-01-28 20:00:00,896
670,3569,Home,Kolkata,4,3742,NetBanking,Delivered,2022-01-28 21:00:00,14968
671,2781,Sports,Chennai,2,3525,NetBanking,Delivered,2022-01-28 22:00:00,7050
672,4908,Clothing,Mumbai,3,1396,Card,Delivered,2022-01-28 23:00:00,4188
673,4171,Sports,Pune,4,4814,COD,Delivered,2022-01-29 00:00:00,19256
674,3849,Clothing,Bangalore,2,344,Card,Delivered,2022-01-29 01:00:00,688
675,4251,Home,Chennai,4,2995,NetBanking,Delivered,2022-01-29 02:00:00,11980
676,4294,Sports,Pune,2,1029,COD,Returned,2022-01-29 03:00:00,2058
677,4977,Beauty,Hyderabad,3,619,UPI,Delivered,2022-01-29 04:00:00,1857
678,3809,Electronics,Hyderabad,4,3312,UPI,Delivered,2022-01-29 05:00:00,13248
679,4730,Beauty,Chennai,4,2509,UPI,Delivered,2022-01-29 06:00:00,10036
680,3489,Books,Hyderabad,1,107,NetBanking,Delivered,2022-01-29 07:00:00,107
681,2631,Home,Kolkata,3,2625,Card,Delivered,2022-01-29 08:00:00,7875
682,3816,Beauty,Delhi,2,3523,COD,Delivered,2022-01-29 09:00:00,7046
683,2015,Clothing,Mumbai,4,2119,UPI,Delivered,2022-01-29 10:00:00,8476
684,2348,Books,Delhi,4,4690,COD,Delivered,2022-01-29 11:00:00,18760
685,1515,Books,Pune,2,4382,NetBanking,Delivered,2022-01-29 12:00:00,8764
686,4087,Beauty,Mumbai,3,3767,UPI,Delivered,2022-01-29 13:00:00,11301
687,3839,Beauty,Mumbai,1,3771,NetBanking,Delivered,2022-01-29 14:00:00,3771
688,1335,Home,Delhi,1,2901,Card,Returned,2022-01-29 15:00:00,2901
689,2782,Electronics,Chennai,4,185,NetBanking,Delivered,2022-01-29 16:00:00,740
690,3305,Beauty,Mumbai,2,3215,NetBanking,Delivered,2022-01-29 17:00:00,6430
691,1496,Beauty,Delhi,4,4332,Card,Delivered,2022-01-29 18:00:00,17328
692,1895,Sports,Mumbai,2,2568,COD,Returned,2022-01-29 19:00:00,5136
693,3207,Clothing,Bangalore,1,3719,Card,Delivered,2022-01-29 20:00:00,3719
694,4546,Sports,Chennai,3,1736,Card,Delivered,2022-01-29 21:00:00,5208
695,1851,Sports,Kolkata,2,3683,NetBanking,Delivered,2022-01-29 22:00:00,7366
696,2687,Books,Mumbai,1,4109,COD,Delivered,2022-01-29 23:00:00,4109
697,2931,Electronics,Bangalore,4,3426,UPI,Delivered,2022-01-30 00:00:00,13704
698,3737,Clothing,Kolkata,2,2318,Card,Delivered,2022-01-30 01:00:00,4636
699,4746,Home,Kolkata,3,2317,COD,Returned,2022-01-30 02:00:00,6951
700,3427,Home,Pune,4,2469,Card,Delivered,2022-01-30 03:00:00,9876
701,2568,Beauty,Mumbai,4,3738,Card,Delivered,2022-01-30 04:00:00,14952
702,1956,Beauty,Delhi,1,2603,Card,Delivered,2022-01-30 05:00:00,2603
703,3738,Home,Mumbai,2,1043,Card,Delivered,2022-01-30 06:00:00,2086
704,4498,Beauty,Bangalore,4,2937,NetBanking,Cancelled,2022-01-30 07:00:00,11748
705,2636,Electronics,Kolkata,3,2760,COD,Delivered,2022-01-30 08:00:00,8280
706,2291,Sports,Mumbai,2,3036,COD,Delivered,2022-01-30 09:00:00,6072
707,4906,Beauty,Delhi,3,4544,COD,Delivered,2022-01-30 10:00:00,13632
708,4648,Books,Pune,4,4047,Card,Delivered,2022-01-30 11:00:00,16188
709,2440,Beauty,Mumbai,3,1776,NetBanking,Delivered,2022-01-30 12:00:00,5328
710,2191,Clothing,Chennai,1,1296,Card,Delivered,2022-01-30 13:00:00,1296
711,4913,Electronics,Pune,3,4205,Card,Cancelled,2022-01-30 14:00:00,12615
712,2066,Clothing,Delhi,2,2887,COD,Returned,2022-01-30 15:00:00,5774
713,4627,Clothing,Bangalore,3,1561,Card,Delivered,2022-01-30 16:00:00,4683
714,1284,Books,Kolkata,3,3418,UPI,Returned,2022-01-30 17:00:00,10254
715,3444,Electronics,Mumbai,1,766,Card,Delivered,2022-01-30 18:00:00,766
716,1011,Electronics,Delhi,3,2276,UPI,Delivered,2022-01-30 19:00:00,6828
717,2630,Electronics,Pune,3,3843,Card,Delivered,2022-01-30 20:00:00,11529
718,4373,Electronics,Chennai,4,700,NetBanking,Delivered,2022-01-30 21:00:00,2800
719,4969,Electronics,Delhi,4,2752,NetBanking,Delivered,2022-01-30 22:00:00,11008
720,4324,Books,Hyderabad,2,4522,COD,Delivered,2022-01-30 23:00:00,9044
721,3546,Beauty,Chennai,4,3924,Card,Delivered,2022-01-31 00:00:00,15696
722,1753,Clothing,Pune,4,4006,UPI,Delivered,2022-01-31 01:00:00,16024
723,3082,Electronics,Bangalore,4,1079,UPI,Delivered,2022-01-31 02:00:00,4316
724,3774,Beauty,Kolkata,4,2551,Card,Delivered,2022-01-31 03:00:00,10204
725,3896,Beauty,Pune,1,728,UPI,Delivered,2022-01-31 04:00:00,728
726,1089,Clothing,Bangalore,4,1729,NetBanking,Delivered,2022-01-31 05:00:00,6916
727,1775,Books,Mumbai,1,3796,UPI,Delivered,2022-01-31 06:00:00,3796
728,3652,Home,Delhi,1,3530,COD,Delivered,2022-01-31 07:00:00,3530
729,4993,Home,Hyderabad,4,3774,NetBanking,Cancelled,2022-01-31 08:00:00,15096
730,4017,Beauty,Chennai,3,4029,NetBanking,Delivered,2022-01-31 09:00:00,12087
731,2625,Sports,Chennai,1,2865,NetBanking,Delivered,2022-01-31 10:00:00,2865
732,4069,Sports,Delhi,3,4469,Card,Cancelled,2022-01-31 11:00:00,13407
733,1417,Clothing,Hyderabad,3,4880,Card,Delivered,2022-01-31 12:00:00,14640
734,1114,Home,Delhi,4,215,NetBanking,Delivered,2022-01-31 13:00:00,860
735,1616,Beauty,Mumbai,2,2103,Card,Delivered,2022-01-31 14:00:00,4206
736,4974,Books,Bangalore,4,792,UPI,Returned,2022-01-31 15:00:00,3168
737,4267,Home,Pune,2,3262,Card,Delivered,2022-01-31 16:00:00,6524
738,1825,Beauty,Chennai,2,1205,Card,Delivered,2022-01-31 17:00:00,2410
739,4572,Beauty,Mumbai,4,3108,NetBanking,Delivered,2022-01-31 18:00:00,12432
740,2649,Electronics,Bangalore,4,2261,COD,Delivered,2022-01-31 19:00:00,9044
741,2516,Books,Mumbai,2,253,COD,Delivered,2022-01-31 20:00:00,506
742,4146,Electronics,Hyderabad,4,3799,COD,Delivered,2022-01-31 21:00:00,15196
743,1412,Clothing,Chennai,2,4510,UPI,Delivered,2022-01-31 22:00:00,9020
744,4447,Electronics,Pune,3,3886,Card,Returned,2022-01-31 23:00:00,11658
745,4491,Electronics,Delhi,4,1164,COD,Delivered,2022-02-01 00:00:00,4656
746,1728,Home,Delhi,3,4300,NetBanking,Delivered,2022-02-01 01:00:00,12900
747,4348,Sports,Bangalore,1,2013,COD,Cancelled,2022-02-01 02:00:00,2013
748,4068,Beauty,Pune,3,1316,COD,Delivered,2022-02-01 03:00:00,3948
749,3808,Books,Kolkata,3,2501,Card,Delivered,2022-02-01 04:00:00,7503
750,1675,Electronics,Hyderabad,2,1872,Card,Delivered,2022-02-01 05:00:00,3744
751,4465,Books,Bangalore,3,2060,Card,Cancelled,2022-02-01 06:00:00,6180
752,2892,Sports,Kolkata,4,2880,UPI,Delivered,2022-02-01 07:00:00,11520
753,3504,Sports,Mumbai,2,4904,UPI,Delivered,2022-02-01 08:00:00,9808
754,3967,Electronics,Hyderabad,1,4846,COD,Returned,2022-02-01 09:00:00,4846
755,3239,Clothing,Mumbai,4,2971,Card,Delivered,2022-02-01 10:00:00,11884
756,3786,Electronics,Pune,1,760,COD,Cancelled,2022-02-01 11:00:00,760
757,4760,Home,Chennai,3,2735,NetBanking,Returned,2022-02-01 12:00:00,8205
758,2122,Beauty,Hyderabad,4,2429,NetBanking,Delivered,2022-02-01 13:00:00,9716
759,2571,Clothing,Kolkata,4,4054,Card,Delivered,2022-02-01 14:00:00,16216
760,1977,Electronics,Chennai,1,2550,Card,Delivered,2022-02-01 15:00:00,2550
761,2008,Books,Delhi,4,1232,NetBanking,Delivered,2022-02-01 16:00:00,4928
762,3143,Clothing,Kolkata,4,799,Card,Delivered,2022-02-01 17:00:00,3196
763,2687,Clothing,Bangalore,4,2138,UPI,Delivered,2022-02-01 18:00:00,8552
764,3710,Electronics,Delhi,3,4747,UPI,Returned,2022-02-01 19:00:00,14241
765,4261,Clothing,Delhi,1,4600,Card,Delivered,2022-02-01 20:00:00,4600
766,4807,Books,Bangalore,4,4657,NetBanking,Delivered,2022-02-01 21:00:00,18628
767,1036,Sports,Hyderabad,2,2279,COD,Cancelled,2022-02-01 22:00:00,4558
768,4851,Clothing,Delhi,2,2938,Card,Returned,2022-02-01 23:00:00,5876
769,4440,Sports,Pune,2,973,Card,Delivered,2022-02-02 00:00:00,1946
770,4766,Books,Kolkata,2,183,COD,Returned,2022-02-02 01:00:00,366
771,2548,Electronics,Chennai,3,1522,Card,Delivered,2022-02-02 02:00:00,4566
772,3326,Beauty,Delhi,4,2775,COD,Cancelled,2022-02-02 03:00:00,11100
773,3264,Clothing,Kolkata,1,3280,NetBanking,Delivered,2022-02-02 04:00:00,3280
774,3914,Beauty,Mumbai,4,4416,UPI,Delivered,2022-02-02 05:00:00,17664
775,1872,Books,Kolkata,3,4075,NetBanking,Delivered,2022-02-02 06:00:00,12225
776,2821,Clothing,Chennai,2,1491,UPI,Delivered,2022-02-02 07:00:00,2982
777,2296,Sports,Kolkata,3,3318,COD,Delivered,2022-02-02 08:00:00,9954
778,4952,Home,Bangalore,4,4307,UPI,Delivered,2022-02-02 09:00:00,17228
779,3109,Beauty,Chennai,1,714,NetBanking,Delivered,2022-02-02 10:00:00,714
780,1595,Clothing,Hyderabad,3,3071,UPI,Returned,2022-02-02 11:00:00,9213
781,2903,Beauty,Mumbai,1,3665,COD,Delivered,2022-02-02 12:00:00,3665
782,1728,Clothing,Bangalore,3,3676,UPI,Delivered,2022-02-02 13:00:00,11028
783,2365,Electronics,Hyderabad,1,4670,Card,Delivered,2022-02-02 14:00:00,4670
784,1396,Sports,Kolkata,1,370,NetBanking,Delivered,2022-02-02 15:00:00,370
785,1698,Beauty,Chennai,2,4166,Card,Cancelled,2022-02-02 16:00:00,8332
786,4090,Home,Mumbai,1,2568,COD,Cancelled,2022-02-02 17:00:00,2568
787,3224,Home,Bangalore,2,1490,UPI,Delivered,2022-02-02 18:00:00,2980
788,2635,Books,Hyderabad,4,3454,Card,Delivered,2022-02-02 19:00:00,13816
789,1395,Clothing,Hyderabad,4,4235,Card,Delivered,2022-02-02 20:00:00,16940
790,3492,Beauty,Mumbai,2,3707,UPI,Delivered,2022-02-02 21:00:00,7414
791,4304,Books,Pune,2,2683,UPI,Cancelled,2022-02-02 22:00:00,5366
792,4986,Beauty,Kolkata,3,4173,NetBanking,Delivered,2022-02-02 23:00:00,12519
793,1075,Clothing,Mumbai,3,3175,Card,Delivered,2022-02-03 00:00:00,9525
794,1264,Home,Hyderabad,3,4006,Card,Delivered,2022-02-03 01:00:00,12018
795,3502,Electronics,Delhi,4,389,COD,Delivered,2022-02-03 02:00:00,1556
796,2819,Home,Bangalore,3,2580,NetBanking,Returned,2022-02-03 03:00:00,7740
797,1717,Books,Mumbai,1,3352,COD,Delivered,2022-02-03 04:00:00,3352
798,3782,Sports,Pune,1,378,Card,Delivered,2022-02-03 05:00:00,378
799,4455,Electronics,Hyderabad,3,3024,COD,Delivered,2022-02-03 06:00:00,9072
800,4635,Books,Kolkata,1,680,Card,Delivered,2022-02-03 07:00:00,680
801,1850,Clothing,Hyderabad,4,353,Card,Delivered,2022-02-03 08:00:00,1412
802,4577,Electronics,Kolkata,1,4376,COD,Delivered,2022-02-03 09:00:00,4376
803,2390,Books,Mumbai,4,4876,COD,Delivered,2022-02-03 10:00:00,19504
804,1143,Clothing,Kolkata,2,924,UPI,Delivered,2022-02-03 11:00:00,1848
805,1884,Home,Chennai,2,3932,UPI,Delivered,2022-02-03 12:00:00,7864
806,4140,Sports,Chennai,2,799,UPI,Delivered,2022-02-03 13:00:00,1598
807,4170,Clothing,Chennai,2,1480,Card,Delivered,2022-02-03 14:00:00,2960
808,1395,Beauty,Pune,1,3996,COD,Delivered,2022-02-03 15:00:00,3996
809,4096,Clothing,Pune,3,1773,NetBanking,Delivered,2022-02-03 16:00:00,5319
810,3995,Clothing,Delhi,1,2827,Card,Delivered,2022-02-03 17:00:00,2827
811,3938,Sports,Pune,4,3256,NetBanking,Delivered,2022-02-03 18:00:00,13024
812,2492,Beauty,Mumbai,1,3488,COD,Delivered,2022-02-03 19:00:00,3488
813,4555,Books,Hyderabad,1,4407,Card,Delivered,2022-02-03 20:00:00,4407
814,4636,Books,Hyderabad,4,483,NetBanking,Delivered,2022-02-03 21:00:00,1932
815,4222,Clothing,Delhi,2,441,NetBanking,Delivered,2022-02-03 22:00:00,882
816,2167,Beauty,Pune,2,2087,UPI,Delivered,2022-02-03 23:00:00,4174
817,3616,Beauty,Kolkata,2,4159,UPI,Delivered,2022-02-04 00:00:00,8318
818,2062,Sports,Delhi,3,3209,UPI,Delivered,2022-02-04 01:00:00,9627
819,3156,Home,Kolkata,4,4182,Card,Delivered,2022-02-04 02:00:00,16728
820,4764,Books,Kolkata,4,4615,COD,Cancelled,2022-02-04 03:00:00,18460
821,2065,Sports,Bangalore,1,2898,COD,Delivered,2022-02-04 04:00:00,2898
822,2209,Electronics,Hyderabad,3,3340,UPI,Delivered,2022-02-04 05:00:00,10020
823,3982,Books,Chennai,2,2088,UPI,Delivered,2022-02-04 06:00:00,4176
824,3445,Sports,Pune,3,3514,UPI,Delivered,2022-02-04 07:00:00,10542
825,4294,Books,Kolkata,4,1949,NetBanking,Delivered,2022-02-04 08:00:00,7796
826,1633,Home,Bangalore,4,405,UPI,Delivered,2022-02-04 09:00:00,1620
827,2156,Electronics,Hyderabad,1,3713,NetBanking,Cancelled,2022-02-04 10:00:00,3713
828,4234,Home,Chennai,1,2849,COD,Delivered,2022-02-04 11:00:00,2849
829,2238,Electronics,Kolkata,4,1235,Card,Returned,2022-02-04 12:00:00,4940
830,1732,Clothing,Kolkata,2,305,Card,Delivered,2022-02-04 13:00:00,610
831,1234,Sports,Delhi,2,4691,Card,Delivered,2022-02-04 14:00:00,9382
832,4914,Electronics,Delhi,3,3550,Card,Delivered,2022-02-04 15:00:00,10650
833,3705,Home,Hyderabad,4,3911,NetBanking,Delivered,2022-02-04 16:00:00,15644
834,1750,Books,Chennai,4,3722,NetBanking,Delivered,2022-02-04 17:00:00,14888
835,3635,Electronics,Kolkata,2,3699,UPI,Delivered,2022-02-04 18:00:00,7398
836,4080,Sports,Hyderabad,2,2651,NetBanking,Delivered,2022-02-04 19:00:00,5302
837,4145,Electronics,Hyderabad,4,4408,UPI,Returned,2022-02-04 20:00:00,17632
838,1953,Beauty,Mumbai,1,409,UPI,Cancelled,2022-02-04 21:00:00,409
839,3539,Books,Pune,4,2808,Card,Delivered,2022-02-04 22:00:00,11232
840,3960,Sports,Delhi,4,2091,NetBanking,Delivered,2022-02-04 23:00:00,8364
841,4324,Sports,Chennai,2,371,NetBanking,Delivered,2022-02-05 00:00:00,742
842,4301,Clothing,Kolkata,2,3742,UPI,Delivered,2022-02-05 01:00:00,7484
843,2542,Home,Hyderabad,1,4186,UPI,Delivered,2022-02-05 02:00:00,4186
844,2197,Clothing,Kolkata,1,1922,COD,Delivered,2022-02-05 03:00:00,1922
845,2676,Sports,Mumbai,3,3373,COD,Delivered,2022-02-05 04:00:00,10119
846,2191,Books,Chennai,4,4638,UPI,Delivered,2022-02-05 05:00:00,18552
847,3217,Electronics,Hyderabad,2,4449,COD,Returned,2022-02-05 06:00:00,8898
848,2416,Electronics,Kolkata,1,620,COD,Delivered,2022-02-05 07:00:00,620
849,3993,Books,Delhi,3,1076,UPI,Returned,2022-02-05 08:00:00,3228
850,3842,Sports,Pune,3,3822,UPI,Delivered,2022-02-05 09:00:00,11466
851,3681,Electronics,Mumbai,2,3651,NetBanking,Delivered,2022-02-05 10:00:00,7302
852,2217,Electronics,Chennai,2,4205,UPI,Delivered,2022-02-05 11:00:00,8410
853,2540,Electronics,Mumbai,3,2873,UPI,Delivered,2022-02-05 12:00:00,8619
854,3076,Home,Delhi,1,2652,Card,Delivered,2022-02-05 13:00:00,2652
855,4236,Home,Chennai,3,2932,NetBanking,Delivered,2022-02-05 14:00:00,8796
856,2445,Beauty,Mumbai,4,4007,NetBanking,Delivered,2022-02-05 15:00:00,16028
857,3386,Clothing,Bangalore,4,252,NetBanking,Delivered,2022-02-05 16:00:00,1008
858,4719,Books,Delhi,2,3064,Card,Delivered,2022-02-05 17:00:00,6128
859,2519,Books,Delhi,1,3016,UPI,Delivered,2022-02-05 18:00:00,3016
860,2388,Books,Delhi,1,2900,NetBanking,Delivered,2022-02-05 19:00:00,2900
861,2856,Beauty,Bangalore,4,1852,NetBanking,Delivered,2022-02-05 20:00:00,7408
862,2365,Home,Bangalore,3,2710,COD,Delivered,2022-02-05 21:00:00,8130
863,1499,Sports,Kolkata,2,3975,NetBanking,Delivered,2022-02-05 22:00:00,7950
864,2680,Sports,Hyderabad,3,1204,UPI,Returned,2022-02-05 23:00:00,3612
865,1510,Beauty,Pune,3,2636,UPI,Delivered,2022-02-06 00:00:00,7908
866,4398,Sports,Mumbai,3,4299,COD,Delivered,2022-02-06 01:00:00,12897
867,1216,Books,Kolkata,1,3954,NetBanking,Delivered,2022-02-06 02:00:00,3954
868,2324,Clothing,Mumbai,4,3594,NetBanking,Delivered,2022-02-06 03:00:00,14376
869,2155,Electronics,Pune,1,2014,NetBanking,Delivered,2022-02-06 04:00:00,2014
870,2827,Home,Hyderabad,4,3172,Card,Delivered,2022-02-06 05:00:00,12688
871,4141,Home,Bangalore,2,1106,NetBanking,Delivered,2022-02-06 06:00:00,2212
872,4323,Beauty,Hyderabad,2,506,UPI,Delivered,2022-02-06 07:00:00,1012
873,4486,Home,Bangalore,3,266,UPI,Delivered,2022-02-06 08:00:00,798
874,2810,Books,Pune,4,608,Card,Delivered,2022-02-06 09:00:00,2432
875,3492,Sports,Hyderabad,4,1761,Card,Delivered,2022-02-06 10:00:00,7044
876,3923,Books,Kolkata,4,3764,NetBanking,Returned,2022-02-06 11:00:00,15056
877,2205,Beauty,Chennai,3,3589,COD,Delivered,2022-02-06 12:00:00,10767
878,3214,Books,Kolkata,3,4958,Card,Delivered,2022-02-06 13:00:00,14874
879,1090,Sports,Mumbai,2,780,Card,Delivered,2022-02-06 14:00:00,1560
880,1713,Clothing,Kolkata,1,2624,NetBanking,Delivered,2022-02-06 15:00:00,2624
881,2881,Beauty,Pune,4,2220,NetBanking,Returned,2022-02-06 16:00:00,8880
882,4602,Clothing,Delhi,4,4777,Card,Delivered,2022-02-06 17:00:00,19108
883,1038,Electronics,Mumbai,1,4457,COD,Cancelled,2022-02-06 18:00:00,4457
884,4197,Clothing,Hyderabad,4,1463,Card,Cancelled,2022-02-06 19:00:00,5852
885,4522,Electronics,Mumbai,3,1431,NetBanking,Delivered,2022-02-06 20:00:00,4293
886,1172,Electronics,Chennai,3,2392,NetBanking,Delivered,2022-02-06 21:00:00,7176
887,1652,Clothing,Bangalore,4,1638,Card,Delivered,2022-02-06 22:00:00,6552
888,1753,Beauty,Hyderabad,3,3508,COD,Returned,2022-02-06 23:00:00,10524
889,2243,Sports,Mumbai,3,660,Card,Delivered,2022-02-07 00:00:00,1980
890,4709,Books,Hyderabad,4,1199,Card,Delivered,2022-02-07 01:00:00,4796
891,2081,Books,Hyderabad,2,2003,NetBanking,Delivered,2022-02-07 02:00:00,4006
892,2683,Sports,Hyderabad,1,274,COD,Delivered,2022-02-07 03:00:00,274
893,3523,Electronics,Bangalore,3,2256,UPI,Delivered,2022-02-07 04:00:00,6768
894,1455,Electronics,Pune,2,2330,COD,Delivered,2022-02-07 05:00:00,4660
895,1828,Beauty,Kolkata,3,4387,Card,Cancelled,2022-02-07 06:00:00,13161
896,1894,Home,Hyderabad,3,4260,Card,Cancelled,2022-02-07 07:00:00,12780
897,2384,Clothing,Delhi,1,4020,Card,Cancelled,2022-02-07 08:00:00,4020
898,2958,Electronics,Pune,3,1597,COD,Delivered,2022-02-07 09:00:00,4791
899,4072,Books,Chennai,1,3954,NetBanking,Delivered,2022-02-07 10:00:00,3954
900,3434,Beauty,Bangalore,1,3271,Card,Delivered,2022-02-07 11:00:00,3271
901,2996,Clothing,Mumbai,1,1667,Card,Delivered,2022-02-07 12:00:00,1667
902,3395,Beauty,Bangalore,2,1251,COD,Delivered,2022-02-07 13:00:00,2502
903,1189,Clothing,Mumbai,4,468,UPI,Delivered,2022-02-07 14:00:00,1872
904,1504,Clothing,Bangalore,2,142,UPI,Delivered,2022-02-07 15:00:00,284
905,2214,Sports,Mumbai,4,2007,NetBanking,Returned,2022-02-07 16:00:00,8028
906,2531,Electronics,Hyderabad,4,3590,NetBanking,Delivered,2022-02-07 17:00:00,14360
907,4440,Beauty,Kolkata,1,2635,Card,Delivered,2022-02-07 18:00:00,2635
908,4480,Beauty,Mumbai,3,4273,COD,Delivered,2022-02-07 19:00:00,12819
909,1823,Sports,Mumbai,1,2973,Card,Delivered,2022-02-07 20:00:00,2973
910,1928,Books,Delhi,3,1924,NetBanking,Delivered,2022-02-07 21:00:00,5772
911,1933,Books,Mumbai,4,1393,COD,Returned,2022-02-07 22:00:00,5572
912,2140,Electronics,Delhi,1,4869,COD,Cancelled,2022-02-07 23:00:00,4869
913,1133,Electronics,Chennai,3,4896,NetBanking,Returned,2022-02-08 00:00:00,14688
914,3105,Home,Hyderabad,2,4954,UPI,Returned,2022-02-08 01:00:00,9908
915,4627,Sports,Delhi,3,3486,UPI,Delivered,2022-02-08 02:00:00,10458
916,1684,Books,Kolkata,1,3072,COD,Delivered,2022-02-08 03:00:00,3072
917,3719,Clothing,Pune,2,4022,Card,Delivered,2022-02-08 04:00:00,8044
918,3220,Beauty,Hyderabad,3,1092,UPI,Delivered,2022-02-08 05:00:00,3276
919,2852,Electronics,Delhi,3,2486,Card,Delivered,2022-02-08 06:00:00,7458
920,1814,Beauty,Hyderabad,3,2340,UPI,Delivered,2022-02-08 07:00:00,7020
921,2172,Beauty,Hyderabad,3,1576,UPI,Delivered,2022-02-08 08:00:00,4728
922,1079,Home,Hyderabad,3,3507,Card,Delivered,2022-02-08 09:00:00,10521
923,3933,Books,Chennai,2,489,NetBanking,Delivered,2022-02-08 10:00:00,978
924,4284,Electronics,Kolkata,4,1099,UPI,Delivered,2022-02-08 11:00:00,4396
925,1202,Beauty,Bangalore,2,4720,UPI,Delivered,2022-02-08 12:00:00,9440
926,3811,Electronics,Bangalore,2,1955,Card,Delivered,2022-02-08 13:00:00,3910
927,2252,Clothing,Delhi,2,758,NetBanking,Delivered,2022-02-08 14:00:00,1516
928,2699,Home,Hyderabad,4,2863,UPI,Delivered,2022-02-08 15:00:00,11452
929,2250,Clothing,Delhi,1,3763,UPI,Delivered,2022-02-08 16:00:00,3763
930,2682,Electronics,Chennai,4,1581,NetBanking,Delivered,2022-02-08 17:00:00,6324
931,2555,Electronics,Chennai,2,3831,UPI,Delivered,2022-02-08 18:00:00,7662
932,4512,Books,Mumbai,3,551,NetBanking,Delivered,2022-02-08 19:00:00,1653
933,4473,Beauty,Chennai,3,2575,NetBanking,Delivered,2022-02-08 20:00:00,7725
934,3094,Beauty,Mumbai,2,3322,Card,Delivered,2022-02-08 21:00:00,6644
935,2256,Clothing,Kolkata,3,1637,COD,Delivered,2022-02-08 22:00:00,4911
936,4376,Home,Delhi,2,3193,NetBanking,Delivered,2022-02-08 23:00:00,6386
937,2549,Sports,Pune,3,982,Card,Delivered,2022-02-09 00:00:00,2946
938,2166,Beauty,Kolkata,4,4508,COD,Delivered,2022-02-09 01:00:00,18032
939,4486,Books,Chennai,1,4168,UPI,Delivered,2022-02-09 02:00:00,4168
940,4584,Clothing,Kolkata,1,2666,COD,Delivered,2022-02-09 03:00:00,2666
941,2396,Clothing,Kolkata,4,3377,NetBanking,Delivered,2022-02-09 04:00:00,13508
942,4637,Sports,Kolkata,4,474,NetBanking,Delivered,2022-02-09 05:00:00,1896
943,4957,Books,Chennai,2,4646,NetBanking,Delivered,2022-02-09 06:00:00,9292
944,4330,Home,Pune,2,3797,NetBanking,Delivered,2022-02-09 07:00:00,7594
945,3703,Books,Hyderabad,2,3162,NetBanking,Delivered,2022-02-09 08:00:00,6324
946,1470,Home,Kolkata,3,4790,Card,Delivered,2022-02-09 09:00:00,14370
947,4018,Books,Mumbai,2,3350,NetBanking,Delivered,2022-02-09 10:00:00,6700
948,2035,Books,Chennai,4,4695,Card,Delivered,2022-02-09 11:00:00,18780
949,2353,Electronics,Kolkata,1,4659,UPI,Delivered,2022-02-09 12:00:00,4659
950,3783,Clothing,Pune,3,212,NetBanking,Delivered,2022-02-09 13:00:00,636
951,3831,Books,Hyderabad,2,3297,NetBanking,Delivered,2022-02-09 14:00:00,6594
952,1967,Sports,Chennai,3,2478,COD,Returned,2022-02-09 15:00:00,7434
953,1357,Books,Bangalore,3,2024,UPI,Delivered,2022-02-09 16:00:00,6072
954,4019,Beauty,Hyderabad,2,239,NetBanking,Delivered,2022-02-09 17:00:00,478
955,4479,Clothing,Mumbai,3,1524,NetBanking,Delivered,2022-02-09 18:00:00,4572
956,1667,Beauty,Kolkata,1,3049,UPI,Delivered,2022-02-09 19:00:00,3049
957,1372,Clothing,Pune,4,3268,Card,Delivered,2022-02-09 20:00:00,13072
958,2031,Beauty,Bangalore,4,616,NetBanking,Delivered,2022-02-09 21:00:00,2464
959,2145,Books,Pune,1,2716,COD,Delivered,2022-02-09 22:00:00,2716
960,2371,Books,Bangalore,3,987,NetBanking,Cancelled,2022-02-09 23:00:00,2961
961,3723,Electronics,Chennai,2,3204,COD,Delivered,2022-02-10 00:00:00,6408
962,1089,Sports,Bangalore,3,149,COD,Delivered,2022-02-10 01:00:00,447
963,4719,Beauty,Mumbai,1,4051,NetBanking,Cancelled,2022-02-10 02:00:00,4051
964,3745,Home,Mumbai,3,3660,NetBanking,Delivered,2022-02-10 03:00:00,10980
965,4387,Electronics,Delhi,4,118,COD,Cancelled,2022-02-10 04:00:00,472
966,4249,Beauty,Mumbai,3,4921,UPI,Delivered,2022-02-10 05:00:00,14763
967,1539,Beauty,Hyderabad,1,1573,UPI,Cancelled,2022-02-10 06:00:00,1573
968,3779,Electronics,Bangalore,4,4161,NetBanking,Delivered,2022-02-10 07:00:00,16644
969,1868,Books,Mumbai,3,2706,Card,Delivered,2022-02-10 08:00:00,8118
970,1040,Beauty,Chennai,3,551,UPI,Returned,2022-02-10 09:00:00,1653
971,1739,Books,Pune,4,3865,NetBanking,Delivered,2022-02-10 10:00:00,15460
972,4775,Electronics,Pune,2,2538,UPI,Delivered,2022-02-10 11:00:00,5076
973,2946,Books,Delhi,4,4410,Card,Delivered,2022-02-10 12:00:00,17640
974,3549,Clothing,Pune,2,1649,NetBanking,Delivered,2022-02-10 13:00:00,3298
975,4006,Home,Bangalore,1,3574,Card,Delivered,2022-02-10 14:00:00,3574
976,4216,Beauty,Delhi,1,227,NetBanking,Delivered,2022-02-10 15:00:00,227
977,2224,Sports,Bangalore,4,4955,Card,Delivered,2022-02-10 16:00:00,19820
978,1928,Home,Chennai,4,2861,UPI,Delivered,2022-02-10 17:00:00,11444
979,3036,Books,Delhi,1,4556,UPI,Delivered,2022-02-10 18:00:00,4556
980,4795,Beauty,Kolkata,2,4764,Card,Delivered,2022-02-10 19:00:00,9528
981,3508,Books,Hyderabad,1,1515,Card,Delivered,2022-02-10 20:00:00,1515
982,3779,Clothing,Hyderabad,4,301,Card,Delivered,2022-02-10 21:00:00,1204
983,3799,Electronics,Bangalore,1,2469,NetBanking,Delivered,2022-02-10 22:00:00,2469
984,1924,Beauty,Pune,4,617,UPI,Delivered,2022-02-10 23:00:00,2468
985,3956,Clothing,Kolkata,4,1441,NetBanking,Delivered,2022-02-11 00:00:00,5764
986,2581,Clothing,Delhi,1,4876,UPI,Delivered,2022-02-11 01:00:00,4876
987,4618,Beauty,Kolkata,2,2088,COD,Delivered,2022-02-11 02:00:00,4176
988,4324,Books,Kolkata,3,3645,NetBanking,Cancelled,2022-02-11 03:00:00,10935
989,1389,Sports,Pune,1,4620,UPI,Delivered,2022-02-11 04:00:00,4620
990,2617,Clothing,Delhi,3,3902,UPI,Delivered,2022-02-11 05:00:00,11706
991,3930,Home,Chennai,1,3375,NetBanking,Delivered,2022-02-11 06:00:00,3375
992,1255,Clothing,Pune,3,3754,NetBanking,Delivered,2022-02-11 07:00:00,11262
993,1708,Sports,Kolkata,2,2534,UPI,Returned,2022-02-11 08:00:00,5068
994,2838,Books,Kolkata,2,4973,NetBanking,Delivered,2022-02-11 09:00:00,9946
995,2944,Books,Chennai,1,307,Card,Delivered,2022-02-11 10:00:00,307
996,3497,Home,Kolkata,4,2733,NetBanking,Cancelled,2022-02-11 11:00:00,10932
997,1009,Clothing,Kolkata,3,4217,NetBanking,Delivered,2022-02-11 12:00:00,12651
998,3871,Books,Kolkata,4,253,NetBanking,Delivered,2022-02-11 13:00:00,1012
999,1797,Sports,Hyderabad,4,3466,UPI,Delivered,2022-02-11 14:00:00,13864
1000,4313,Beauty,Pune,4,4414,Card,Delivered,2022-02-11 15:00:00,17656
